2026-05-16 10:04:41,708:WARNING:
'cuml' is a soft dependency and not included in the pycaret installation. Please run: `pip install cuml` to install.
2026-05-16 10:04:41,709:WARNING:
'cuml' is a soft dependency and not included in the pycaret installation. Please run: `pip install cuml` to install.
2026-05-16 10:04:41,709:WARNING:
'cuml' is a soft dependency and not included in the pycaret installation. Please run: `pip install cuml` to install.
2026-05-16 10:04:41,710:WARNING:
'cuml' is a soft dependency and not included in the pycaret installation. Please run: `pip install cuml` to install.
2026-05-16 10:04:42,886:INFO:PyCaret ClassificationExperiment
2026-05-16 10:04:42,886:INFO:Logging name: clf-default-name
2026-05-16 10:04:42,887:INFO:ML Usecase: MLUsecase.CLASSIFICATION
2026-05-16 10:04:42,887:INFO:version 3.3.2
2026-05-16 10:04:42,888:INFO:Initializing setup()
2026-05-16 10:04:42,888:INFO:self.USI: bc94
2026-05-16 10:04:42,888:INFO:self._variable_keys: {'logging_param', 'exp_id', 'X_test', 'fold_groups_param', 'fold_shuffle_param', '_available_plots', '_ml_usecase', 'seed', 'y_test', 'y', 'pipeline', 'memory', 'exp_name_log', 'gpu_param', 'fix_imbalance', 'log_plots_param', 'X', 'gpu_n_jobs_param', 'target_param', 'fold_generator', 'X_train', 'y_train', 'data', 'USI', 'n_jobs_param', 'idx', 'is_multiclass', 'html_param'}
2026-05-16 10:04:42,889:INFO:Checking environment
2026-05-16 10:04:42,889:INFO:python_version: 3.10.11
2026-05-16 10:04:42,890:INFO:python_build: ('main', 'May 16 2023 00:55:32')
2026-05-16 10:04:42,890:INFO:machine: AMD64
2026-05-16 10:04:42,919:INFO:platform: Windows-10-10.0.26200-SP0
2026-05-16 10:04:42,919:INFO:Memory: svmem(total=8375230464, available=1006460928, percent=88.0, used=7368769536, free=1006460928)
2026-05-16 10:04:42,919:INFO:Physical Core: 4
2026-05-16 10:04:42,920:INFO:Logical Core: 8
2026-05-16 10:04:42,920:INFO:Checking libraries
2026-05-16 10:04:42,920:INFO:System:
2026-05-16 10:04:42,920:INFO:    python: 3.10.11 | packaged by Anaconda, Inc. | (main, May 16 2023, 00:55:32) [MSC v.1916 64 bit (AMD64)]
2026-05-16 10:04:42,920:INFO:executable: C:\Users\kesar\anaconda3\envs\myenv\python.exe
2026-05-16 10:04:42,920:INFO:   machine: Windows-10-10.0.26200-SP0
2026-05-16 10:04:42,920:INFO:PyCaret required dependencies:
2026-05-16 10:04:42,921:WARNING:C:\Users\kesar\anaconda3\envs\myenv\lib\site-packages\_distutils_hack\__init__.py:26: UserWarning: Setuptools is replacing distutils.
  warnings.warn("Setuptools is replacing distutils.")

2026-05-16 10:04:43,005:INFO:                 pip: 26.0.1
2026-05-16 10:04:43,005:INFO:          setuptools: 69.5.1
2026-05-16 10:04:43,005:INFO:             pycaret: 3.3.2
2026-05-16 10:04:43,006:INFO:             IPython: 8.39.0
2026-05-16 10:04:43,006:INFO:          ipywidgets: 8.1.8
2026-05-16 10:04:43,006:INFO:                tqdm: 4.67.3
2026-05-16 10:04:43,006:INFO:               numpy: 1.26.4
2026-05-16 10:04:43,006:INFO:              pandas: 2.1.4
2026-05-16 10:04:43,006:INFO:              jinja2: 3.1.6
2026-05-16 10:04:43,006:INFO:               scipy: 1.11.4
2026-05-16 10:04:43,006:INFO:              joblib: 1.3.2
2026-05-16 10:04:43,006:INFO:             sklearn: 1.4.2
2026-05-16 10:04:43,007:INFO:                pyod: 3.3.0
2026-05-16 10:04:43,007:INFO:            imblearn: 0.14.1
2026-05-16 10:04:43,007:INFO:   category_encoders: 2.7.0
2026-05-16 10:04:43,007:INFO:            lightgbm: 4.6.0
2026-05-16 10:04:43,007:INFO:               numba: 0.62.1
2026-05-16 10:04:43,007:INFO:            requests: 2.33.1
2026-05-16 10:04:43,007:INFO:          matplotlib: 3.7.5
2026-05-16 10:04:43,007:INFO:          scikitplot: 0.3.7
2026-05-16 10:04:43,007:INFO:         yellowbrick: 1.5
2026-05-16 10:04:43,007:INFO:              plotly: 6.7.0
2026-05-16 10:04:43,007:INFO:    plotly-resampler: Not installed
2026-05-16 10:04:43,007:INFO:             kaleido: 1.3.0
2026-05-16 10:04:43,007:INFO:           schemdraw: 0.15
2026-05-16 10:04:43,007:INFO:         statsmodels: 0.14.6
2026-05-16 10:04:43,008:INFO:              sktime: 0.26.0
2026-05-16 10:04:43,008:INFO:               tbats: 1.1.3
2026-05-16 10:04:43,008:INFO:            pmdarima: 2.0.4
2026-05-16 10:04:43,008:INFO:              psutil: 7.2.2
2026-05-16 10:04:43,008:INFO:          markupsafe: 3.0.3
2026-05-16 10:04:43,008:INFO:             pickle5: Not installed
2026-05-16 10:04:43,008:INFO:         cloudpickle: 3.1.2
2026-05-16 10:04:43,008:INFO:         deprecation: 2.1.0
2026-05-16 10:04:43,008:INFO:              xxhash: 3.7.0
2026-05-16 10:04:43,008:INFO:           wurlitzer: Not installed
2026-05-16 10:04:43,008:INFO:PyCaret optional dependencies:
2026-05-16 10:04:43,032:INFO:                shap: Not installed
2026-05-16 10:04:43,033:INFO:           interpret: Not installed
2026-05-16 10:04:43,033:INFO:                umap: Not installed
2026-05-16 10:04:43,033:INFO:     ydata_profiling: 4.18.4
2026-05-16 10:04:43,033:INFO:  explainerdashboard: Not installed
2026-05-16 10:04:43,033:INFO:             autoviz: Not installed
2026-05-16 10:04:43,033:INFO:           fairlearn: Not installed
2026-05-16 10:04:43,033:INFO:          deepchecks: Not installed
2026-05-16 10:04:43,034:INFO:             xgboost: 3.2.0
2026-05-16 10:04:43,034:INFO:            catboost: Not installed
2026-05-16 10:04:43,034:INFO:              kmodes: Not installed
2026-05-16 10:04:43,034:INFO:             mlxtend: Not installed
2026-05-16 10:04:43,034:INFO:       statsforecast: Not installed
2026-05-16 10:04:43,034:INFO:        tune_sklearn: Not installed
2026-05-16 10:04:43,034:INFO:                 ray: Not installed
2026-05-16 10:04:43,034:INFO:            hyperopt: Not installed
2026-05-16 10:04:43,034:INFO:              optuna: 4.8.0
2026-05-16 10:04:43,035:INFO:               skopt: Not installed
2026-05-16 10:04:43,035:INFO:              mlflow: Not installed
2026-05-16 10:04:43,035:INFO:              gradio: Not installed
2026-05-16 10:04:43,035:INFO:             fastapi: Not installed
2026-05-16 10:04:43,035:INFO:             uvicorn: 0.46.0
2026-05-16 10:04:43,035:INFO:              m2cgen: Not installed
2026-05-16 10:04:43,035:INFO:           evidently: Not installed
2026-05-16 10:04:43,035:INFO:               fugue: Not installed
2026-05-16 10:04:43,036:INFO:           streamlit: 1.57.0
2026-05-16 10:04:43,036:INFO:             prophet: Not installed
2026-05-16 10:04:43,036:INFO:None
2026-05-16 10:04:43,036:INFO:Set up data.
2026-05-16 10:04:43,068:INFO:Set up folding strategy.
2026-05-16 10:04:43,068:INFO:Set up train/test split.
2026-05-16 10:05:06,227:WARNING:C:\Users\kesar\Downloads\InstructoML (1)\InstructoML\utils\preprocessor.py:62: UserWarning: Could not infer format, so each element will be parsed individually, falling back to `dateutil`. To ensure parsing is consistent and as-expected, please specify a format.
  pd.to_datetime(X[c], errors="raise")

2026-05-16 10:05:10,682:INFO:PyCaret RegressionExperiment
2026-05-16 10:05:10,683:INFO:Logging name: reg-default-name
2026-05-16 10:05:10,683:INFO:ML Usecase: MLUsecase.REGRESSION
2026-05-16 10:05:10,684:INFO:version 3.3.2
2026-05-16 10:05:10,684:INFO:Initializing setup()
2026-05-16 10:05:10,684:INFO:self.USI: 6b6a
2026-05-16 10:05:10,684:INFO:self._variable_keys: {'logging_param', 'exp_id', 'X_test', 'fold_groups_param', 'fold_shuffle_param', '_available_plots', '_ml_usecase', 'seed', 'y_test', 'y', 'pipeline', 'memory', 'exp_name_log', 'transform_target_param', 'gpu_param', 'log_plots_param', 'X', 'gpu_n_jobs_param', 'target_param', 'fold_generator', 'X_train', 'y_train', 'data', 'USI', 'n_jobs_param', 'idx', 'html_param'}
2026-05-16 10:05:10,684:INFO:Checking environment
2026-05-16 10:05:10,685:INFO:python_version: 3.10.11
2026-05-16 10:05:10,685:INFO:python_build: ('main', 'May 16 2023 00:55:32')
2026-05-16 10:05:10,685:INFO:machine: AMD64
2026-05-16 10:05:10,686:INFO:platform: Windows-10-10.0.26200-SP0
2026-05-16 10:05:10,687:INFO:Memory: svmem(total=8375230464, available=1105702912, percent=86.8, used=7269527552, free=1105702912)
2026-05-16 10:05:10,687:INFO:Physical Core: 4
2026-05-16 10:05:10,687:INFO:Logical Core: 8
2026-05-16 10:05:10,687:INFO:Checking libraries
2026-05-16 10:05:10,688:INFO:System:
2026-05-16 10:05:10,688:INFO:    python: 3.10.11 | packaged by Anaconda, Inc. | (main, May 16 2023, 00:55:32) [MSC v.1916 64 bit (AMD64)]
2026-05-16 10:05:10,688:INFO:executable: C:\Users\kesar\anaconda3\envs\myenv\python.exe
2026-05-16 10:05:10,689:INFO:   machine: Windows-10-10.0.26200-SP0
2026-05-16 10:05:10,689:INFO:PyCaret required dependencies:
2026-05-16 10:05:10,689:INFO:                 pip: 26.0.1
2026-05-16 10:05:10,689:INFO:          setuptools: 69.5.1
2026-05-16 10:05:10,690:INFO:             pycaret: 3.3.2
2026-05-16 10:05:10,690:INFO:             IPython: 8.39.0
2026-05-16 10:05:10,690:INFO:          ipywidgets: 8.1.8
2026-05-16 10:05:10,691:INFO:                tqdm: 4.67.3
2026-05-16 10:05:10,691:INFO:               numpy: 1.26.4
2026-05-16 10:05:10,692:INFO:              pandas: 2.1.4
2026-05-16 10:05:10,692:INFO:              jinja2: 3.1.6
2026-05-16 10:05:10,693:INFO:               scipy: 1.11.4
2026-05-16 10:05:10,694:INFO:              joblib: 1.3.2
2026-05-16 10:05:10,694:INFO:             sklearn: 1.4.2
2026-05-16 10:05:10,694:INFO:                pyod: 3.3.0
2026-05-16 10:05:10,695:INFO:            imblearn: 0.14.1
2026-05-16 10:05:10,696:INFO:   category_encoders: 2.7.0
2026-05-16 10:05:10,696:INFO:            lightgbm: 4.6.0
2026-05-16 10:05:10,696:INFO:               numba: 0.62.1
2026-05-16 10:05:10,696:INFO:            requests: 2.33.1
2026-05-16 10:05:10,697:INFO:          matplotlib: 3.7.5
2026-05-16 10:05:10,697:INFO:          scikitplot: 0.3.7
2026-05-16 10:05:10,697:INFO:         yellowbrick: 1.5
2026-05-16 10:05:10,698:INFO:              plotly: 6.7.0
2026-05-16 10:05:10,698:INFO:    plotly-resampler: Not installed
2026-05-16 10:05:10,698:INFO:             kaleido: 1.3.0
2026-05-16 10:05:10,699:INFO:           schemdraw: 0.15
2026-05-16 10:05:10,699:INFO:         statsmodels: 0.14.6
2026-05-16 10:05:10,699:INFO:              sktime: 0.26.0
2026-05-16 10:05:10,700:INFO:               tbats: 1.1.3
2026-05-16 10:05:10,700:INFO:            pmdarima: 2.0.4
2026-05-16 10:05:10,701:INFO:              psutil: 7.2.2
2026-05-16 10:05:10,701:INFO:          markupsafe: 3.0.3
2026-05-16 10:05:10,702:INFO:             pickle5: Not installed
2026-05-16 10:05:10,702:INFO:         cloudpickle: 3.1.2
2026-05-16 10:05:10,702:INFO:         deprecation: 2.1.0
2026-05-16 10:05:10,703:INFO:              xxhash: 3.7.0
2026-05-16 10:05:10,703:INFO:           wurlitzer: Not installed
2026-05-16 10:05:10,704:INFO:PyCaret optional dependencies:
2026-05-16 10:05:10,704:INFO:                shap: Not installed
2026-05-16 10:05:10,705:INFO:           interpret: Not installed
2026-05-16 10:05:10,705:INFO:                umap: Not installed
2026-05-16 10:05:10,705:INFO:     ydata_profiling: 4.18.4
2026-05-16 10:05:10,706:INFO:  explainerdashboard: Not installed
2026-05-16 10:05:10,706:INFO:             autoviz: Not installed
2026-05-16 10:05:10,707:INFO:           fairlearn: Not installed
2026-05-16 10:05:10,707:INFO:          deepchecks: Not installed
2026-05-16 10:05:10,707:INFO:             xgboost: 3.2.0
2026-05-16 10:05:10,708:INFO:            catboost: Not installed
2026-05-16 10:05:10,708:INFO:              kmodes: Not installed
2026-05-16 10:05:10,709:INFO:             mlxtend: Not installed
2026-05-16 10:05:10,709:INFO:       statsforecast: Not installed
2026-05-16 10:05:10,709:INFO:        tune_sklearn: Not installed
2026-05-16 10:05:10,710:INFO:                 ray: Not installed
2026-05-16 10:05:10,710:INFO:            hyperopt: Not installed
2026-05-16 10:05:10,710:INFO:              optuna: 4.8.0
2026-05-16 10:05:10,711:INFO:               skopt: Not installed
2026-05-16 10:05:10,711:INFO:              mlflow: Not installed
2026-05-16 10:05:10,711:INFO:              gradio: Not installed
2026-05-16 10:05:10,711:INFO:             fastapi: Not installed
2026-05-16 10:05:10,712:INFO:             uvicorn: 0.46.0
2026-05-16 10:05:10,713:INFO:              m2cgen: Not installed
2026-05-16 10:05:10,713:INFO:           evidently: Not installed
2026-05-16 10:05:10,713:INFO:               fugue: Not installed
2026-05-16 10:05:10,713:INFO:           streamlit: 1.57.0
2026-05-16 10:05:10,714:INFO:             prophet: Not installed
2026-05-16 10:05:10,714:INFO:None
2026-05-16 10:05:10,714:INFO:Set up data.
2026-05-16 10:05:10,738:INFO:Set up folding strategy.
2026-05-16 10:05:10,739:INFO:Set up train/test split.
2026-05-16 10:05:10,758:INFO:Set up index.
2026-05-16 10:05:10,758:INFO:Assigning column types.
2026-05-16 10:05:10,769:INFO:Engine successfully changes for model 'lr' to 'sklearn'.
2026-05-16 10:05:10,770:INFO:Engine for model 'lasso' has not been set explicitly, hence returning None.
2026-05-16 10:05:10,775:INFO:Engine for model 'ridge' has not been set explicitly, hence returning None.
2026-05-16 10:05:10,780:INFO:Engine for model 'en' has not been set explicitly, hence returning None.
2026-05-16 10:05:10,910:INFO:Engine for model 'svm' has not been set explicitly, hence returning None.
2026-05-16 10:05:10,989:INFO:Engine for model 'knn' has not been set explicitly, hence returning None.
2026-05-16 10:05:10,989:INFO:Soft dependency imported: xgboost: 3.2.0
2026-05-16 10:05:10,992:WARNING:
'catboost' is a soft dependency and not included in the pycaret installation. Please run: `pip install catboost` to install.
Alternately, you can install this by running `pip install pycaret[models]`
2026-05-16 10:05:10,992:INFO:Engine for model 'lasso' has not been set explicitly, hence returning None.
2026-05-16 10:05:10,998:INFO:Engine for model 'ridge' has not been set explicitly, hence returning None.
2026-05-16 10:05:11,003:INFO:Engine for model 'en' has not been set explicitly, hence returning None.
2026-05-16 10:05:11,139:INFO:Engine for model 'svm' has not been set explicitly, hence returning None.
2026-05-16 10:05:11,252:INFO:Engine for model 'knn' has not been set explicitly, hence returning None.
2026-05-16 10:05:11,254:INFO:Soft dependency imported: xgboost: 3.2.0
2026-05-16 10:05:11,262:WARNING:
'catboost' is a soft dependency and not included in the pycaret installation. Please run: `pip install catboost` to install.
Alternately, you can install this by running `pip install pycaret[models]`
2026-05-16 10:05:11,263:INFO:Engine successfully changes for model 'lasso' to 'sklearn'.
2026-05-16 10:05:11,270:INFO:Engine for model 'ridge' has not been set explicitly, hence returning None.
2026-05-16 10:05:11,281:INFO:Engine for model 'en' has not been set explicitly, hence returning None.
2026-05-16 10:05:11,409:INFO:Engine for model 'svm' has not been set explicitly, hence returning None.
2026-05-16 10:05:11,532:INFO:Engine for model 'knn' has not been set explicitly, hence returning None.
2026-05-16 10:05:11,533:INFO:Soft dependency imported: xgboost: 3.2.0
2026-05-16 10:05:11,541:WARNING:
'catboost' is a soft dependency and not included in the pycaret installation. Please run: `pip install catboost` to install.
Alternately, you can install this by running `pip install pycaret[models]`
2026-05-16 10:05:11,553:INFO:Engine for model 'ridge' has not been set explicitly, hence returning None.
2026-05-16 10:05:11,566:INFO:Engine for model 'en' has not been set explicitly, hence returning None.
2026-05-16 10:05:11,674:INFO:Engine for model 'svm' has not been set explicitly, hence returning None.
2026-05-16 10:05:11,784:INFO:Engine for model 'knn' has not been set explicitly, hence returning None.
2026-05-16 10:05:11,786:INFO:Soft dependency imported: xgboost: 3.2.0
2026-05-16 10:05:11,792:WARNING:
'catboost' is a soft dependency and not included in the pycaret installation. Please run: `pip install catboost` to install.
Alternately, you can install this by running `pip install pycaret[models]`
2026-05-16 10:05:11,794:INFO:Engine successfully changes for model 'ridge' to 'sklearn'.
2026-05-16 10:05:11,818:INFO:Engine for model 'en' has not been set explicitly, hence returning None.
2026-05-16 10:05:11,974:INFO:Engine for model 'svm' has not been set explicitly, hence returning None.
2026-05-16 10:05:12,089:INFO:Engine for model 'knn' has not been set explicitly, hence returning None.
2026-05-16 10:05:12,091:INFO:Soft dependency imported: xgboost: 3.2.0
2026-05-16 10:05:12,099:WARNING:
'catboost' is a soft dependency and not included in the pycaret installation. Please run: `pip install catboost` to install.
Alternately, you can install this by running `pip install pycaret[models]`
2026-05-16 10:05:12,123:INFO:Engine for model 'en' has not been set explicitly, hence returning None.
2026-05-16 10:05:12,252:INFO:Engine for model 'svm' has not been set explicitly, hence returning None.
2026-05-16 10:05:12,353:INFO:Engine for model 'knn' has not been set explicitly, hence returning None.
2026-05-16 10:05:12,355:INFO:Soft dependency imported: xgboost: 3.2.0
2026-05-16 10:05:12,363:WARNING:
'catboost' is a soft dependency and not included in the pycaret installation. Please run: `pip install catboost` to install.
Alternately, you can install this by running `pip install pycaret[models]`
2026-05-16 10:05:12,364:INFO:Engine successfully changes for model 'en' to 'sklearn'.
2026-05-16 10:05:12,480:INFO:Engine for model 'svm' has not been set explicitly, hence returning None.
2026-05-16 10:05:12,555:INFO:Engine for model 'knn' has not been set explicitly, hence returning None.
2026-05-16 10:05:12,555:INFO:Soft dependency imported: xgboost: 3.2.0
2026-05-16 10:05:12,558:WARNING:
'catboost' is a soft dependency and not included in the pycaret installation. Please run: `pip install catboost` to install.
Alternately, you can install this by running `pip install pycaret[models]`
2026-05-16 10:05:12,683:INFO:Engine for model 'svm' has not been set explicitly, hence returning None.
2026-05-16 10:05:12,762:INFO:Engine for model 'knn' has not been set explicitly, hence returning None.
2026-05-16 10:05:12,763:INFO:Soft dependency imported: xgboost: 3.2.0
2026-05-16 10:05:12,770:WARNING:
'catboost' is a soft dependency and not included in the pycaret installation. Please run: `pip install catboost` to install.
Alternately, you can install this by running `pip install pycaret[models]`
2026-05-16 10:05:12,772:INFO:Engine successfully changes for model 'knn' to 'sklearn'.
2026-05-16 10:05:12,913:INFO:Engine for model 'svm' has not been set explicitly, hence returning None.
2026-05-16 10:05:12,989:INFO:Soft dependency imported: xgboost: 3.2.0
2026-05-16 10:05:12,996:WARNING:
'catboost' is a soft dependency and not included in the pycaret installation. Please run: `pip install catboost` to install.
Alternately, you can install this by running `pip install pycaret[models]`
2026-05-16 10:05:13,127:INFO:Engine for model 'svm' has not been set explicitly, hence returning None.
2026-05-16 10:05:13,235:INFO:Soft dependency imported: xgboost: 3.2.0
2026-05-16 10:05:13,243:WARNING:
'catboost' is a soft dependency and not included in the pycaret installation. Please run: `pip install catboost` to install.
Alternately, you can install this by running `pip install pycaret[models]`
2026-05-16 10:05:13,243:INFO:Engine successfully changes for model 'svm' to 'sklearn'.
2026-05-16 10:05:13,457:INFO:Soft dependency imported: xgboost: 3.2.0
2026-05-16 10:05:13,463:WARNING:
'catboost' is a soft dependency and not included in the pycaret installation. Please run: `pip install catboost` to install.
Alternately, you can install this by running `pip install pycaret[models]`
2026-05-16 10:05:13,639:INFO:Soft dependency imported: xgboost: 3.2.0
2026-05-16 10:05:13,647:WARNING:
'catboost' is a soft dependency and not included in the pycaret installation. Please run: `pip install catboost` to install.
Alternately, you can install this by running `pip install pycaret[models]`
2026-05-16 10:05:13,652:INFO:Preparing preprocessing pipeline...
2026-05-16 10:05:13,652:INFO:Set up simple imputation.
2026-05-16 10:05:13,656:INFO:Set up column name cleaning.
2026-05-16 10:05:13,764:INFO:Finished creating preprocessing pipeline.
2026-05-16 10:05:13,772:INFO:Pipeline: Pipeline(memory=FastMemory(location=C:\Users\kesar\AppData\Local\Temp\joblib),
         steps=[('numerical_imputer',
                 TransformerWrapper(include=['longitude', 'latitude',
                                             'housing_median_age',
                                             'total_rooms', 'total_bedrooms',
                                             'population', 'households',
                                             'median_income',
                                             'ocean_proximity_<1H OCEAN',
                                             'ocean_proximity_INLAND',
                                             'ocean_proximity_ISLAND',
                                             'ocean_proximity_NEAR BAY',
                                             'ocean_proximity_NEAR OCEAN'],
                                    transformer=SimpleImputer())),
                ('categorical_imputer',
                 TransformerWrapper(include=[],
                                    transformer=SimpleImputer(strategy='most_frequent'))),
                ('clean_column_names',
                 TransformerWrapper(transformer=CleanColumnNames()))])
2026-05-16 10:05:13,772:INFO:Creating final display dataframe.
2026-05-16 10:05:13,969:INFO:Setup _display_container:                     Description               Value
0                    Session id                  42
1                        Target  median_house_value
2                   Target type          Regression
3           Original data shape         (20640, 14)
4        Transformed data shape         (20640, 14)
5   Transformed train set shape         (15480, 14)
6    Transformed test set shape          (5160, 14)
7              Numeric features                  13
8                    Preprocess                True
9               Imputation type              simple
10           Numeric imputation                mean
11       Categorical imputation                mode
12               Fold Generator               KFold
13                  Fold Number                   3
14                     CPU Jobs                  -1
15                      Use GPU               False
16               Log Experiment               False
17              Experiment Name    reg-default-name
18                          USI                6b6a
2026-05-16 10:05:14,188:INFO:Soft dependency imported: xgboost: 3.2.0
2026-05-16 10:05:14,196:WARNING:
'catboost' is a soft dependency and not included in the pycaret installation. Please run: `pip install catboost` to install.
Alternately, you can install this by running `pip install pycaret[models]`
2026-05-16 10:05:14,416:INFO:Soft dependency imported: xgboost: 3.2.0
2026-05-16 10:05:14,426:WARNING:
'catboost' is a soft dependency and not included in the pycaret installation. Please run: `pip install catboost` to install.
Alternately, you can install this by running `pip install pycaret[models]`
2026-05-16 10:05:14,427:INFO:setup() successfully completed in 3.76s...............
2026-05-16 10:05:14,428:INFO:Initializing compare_models()
2026-05-16 10:05:14,428:INFO:compare_models(self=<pycaret.regression.oop.RegressionExperiment object at 0x0000025877E5F8E0>, include=None, fold=None, round=4, cross_validation=True, sort=R2, n_select=1, budget_time=None, turbo=True, errors=ignore, fit_kwargs=None, groups=None, experiment_custom_tags=None, probability_threshold=None, verbose=False, parallel=None, caller_params={'self': <pycaret.regression.oop.RegressionExperiment object at 0x0000025877E5F8E0>, 'include': None, 'exclude': None, 'fold': None, 'round': 4, 'cross_validation': True, 'sort': 'R2', 'n_select': 1, 'budget_time': None, 'turbo': True, 'errors': 'ignore', 'fit_kwargs': None, 'groups': None, 'experiment_custom_tags': None, 'engine': None, 'verbose': False, 'parallel': None, '__class__': <class 'pycaret.regression.oop.RegressionExperiment'>}, exclude=None)
2026-05-16 10:05:14,428:INFO:Checking exceptions
2026-05-16 10:05:14,442:INFO:Preparing display monitor
2026-05-16 10:05:14,447:INFO:Initializing Linear Regression
2026-05-16 10:05:14,448:INFO:Total runtime is 1.663366953531901e-05 minutes
2026-05-16 10:05:14,448:INFO:SubProcess create_model() called ==================================
2026-05-16 10:05:14,449:INFO:Initializing create_model()
2026-05-16 10:05:14,449:INFO:create_model(self=<pycaret.regression.oop.RegressionExperiment object at 0x0000025877E5F8E0>, estimator=lr, fold=KFold(n_splits=3, random_state=None, shuffle=False), round=4, cross_validation=True, predict=True, fit_kwargs={}, groups=None, refit=False, probability_threshold=None, experiment_custom_tags=None, verbose=False, system=False, add_to_model_list=True, metrics=None, display=<pycaret.internal.display.display.CommonDisplay object at 0x0000025879D6A410>, model_only=True, return_train_score=False, error_score=0.0, kwargs={})
2026-05-16 10:05:14,449:INFO:Checking exceptions
2026-05-16 10:05:14,449:INFO:Importing libraries
2026-05-16 10:05:14,449:INFO:Copying training dataset
2026-05-16 10:05:14,470:INFO:Defining folds
2026-05-16 10:05:14,470:INFO:Declaring metric variables
2026-05-16 10:05:14,470:INFO:Importing untrained model
2026-05-16 10:05:14,470:INFO:Linear Regression Imported successfully
2026-05-16 10:05:14,472:INFO:Starting cross validation
2026-05-16 10:05:14,488:INFO:Cross validating with KFold(n_splits=3, random_state=None, shuffle=False), n_jobs=-1
2026-05-16 10:05:19,804:WARNING:C:\Users\kesar\anaconda3\envs\myenv\lib\site-packages\_distutils_hack\__init__.py:26: UserWarning: Setuptools is replacing distutils.
  warnings.warn("Setuptools is replacing distutils.")

2026-05-16 10:05:19,827:WARNING:C:\Users\kesar\anaconda3\envs\myenv\lib\site-packages\_distutils_hack\__init__.py:26: UserWarning: Setuptools is replacing distutils.
  warnings.warn("Setuptools is replacing distutils.")

2026-05-16 10:05:19,857:WARNING:C:\Users\kesar\anaconda3\envs\myenv\lib\site-packages\_distutils_hack\__init__.py:26: UserWarning: Setuptools is replacing distutils.
  warnings.warn("Setuptools is replacing distutils.")

2026-05-16 10:05:20,368:INFO:Calculating mean and std
2026-05-16 10:05:20,371:INFO:Creating metrics dataframe
2026-05-16 10:05:20,379:INFO:Uploading results into container
2026-05-16 10:05:20,381:INFO:Uploading model into container now
2026-05-16 10:05:20,382:INFO:_master_model_container: 1
2026-05-16 10:05:20,382:INFO:_display_container: 2
2026-05-16 10:05:20,383:INFO:LinearRegression(n_jobs=-1)
2026-05-16 10:05:20,384:INFO:create_model() successfully completed......................................
2026-05-16 10:05:20,591:INFO:SubProcess create_model() end ==================================
2026-05-16 10:05:20,592:INFO:Creating metrics dataframe
2026-05-16 10:05:20,599:INFO:Initializing Lasso Regression
2026-05-16 10:05:20,599:INFO:Total runtime is 0.1025274395942688 minutes
2026-05-16 10:05:20,600:INFO:SubProcess create_model() called ==================================
2026-05-16 10:05:20,601:INFO:Initializing create_model()
2026-05-16 10:05:20,601:INFO:create_model(self=<pycaret.regression.oop.RegressionExperiment object at 0x0000025877E5F8E0>, estimator=lasso, fold=KFold(n_splits=3, random_state=None, shuffle=False), round=4, cross_validation=True, predict=True, fit_kwargs={}, groups=None, refit=False, probability_threshold=None, experiment_custom_tags=None, verbose=False, system=False, add_to_model_list=True, metrics=None, display=<pycaret.internal.display.display.CommonDisplay object at 0x0000025879D6A410>, model_only=True, return_train_score=False, error_score=0.0, kwargs={})
2026-05-16 10:05:20,601:INFO:Checking exceptions
2026-05-16 10:05:20,602:INFO:Importing libraries
2026-05-16 10:05:20,602:INFO:Copying training dataset
2026-05-16 10:05:20,623:INFO:Defining folds
2026-05-16 10:05:20,624:INFO:Declaring metric variables
2026-05-16 10:05:20,624:INFO:Importing untrained model
2026-05-16 10:05:20,624:INFO:Lasso Regression Imported successfully
2026-05-16 10:05:20,625:INFO:Starting cross validation
2026-05-16 10:05:20,626:INFO:Cross validating with KFold(n_splits=3, random_state=None, shuffle=False), n_jobs=-1
2026-05-16 10:05:27,046:WARNING:C:\Users\kesar\anaconda3\envs\myenv\lib\site-packages\_distutils_hack\__init__.py:26: UserWarning: Setuptools is replacing distutils.
  warnings.warn("Setuptools is replacing distutils.")

2026-05-16 10:05:27,046:WARNING:C:\Users\kesar\anaconda3\envs\myenv\lib\site-packages\_distutils_hack\__init__.py:26: UserWarning: Setuptools is replacing distutils.
  warnings.warn("Setuptools is replacing distutils.")

2026-05-16 10:05:27,057:WARNING:C:\Users\kesar\anaconda3\envs\myenv\lib\site-packages\_distutils_hack\__init__.py:26: UserWarning: Setuptools is replacing distutils.
  warnings.warn("Setuptools is replacing distutils.")

2026-05-16 10:05:27,730:WARNING:C:\Users\kesar\anaconda3\envs\myenv\lib\site-packages\sklearn\linear_model\_coordinate_descent.py:678: ConvergenceWarning: Objective did not converge. You might want to increase the number of iterations, check the scale of the features or consider increasing regularisation. Duality gap: 1.258e+13, tolerance: 1.380e+10
  model = cd_fast.enet_coordinate_descent(

2026-05-16 10:05:27,741:WARNING:C:\Users\kesar\anaconda3\envs\myenv\lib\site-packages\sklearn\linear_model\_coordinate_descent.py:678: ConvergenceWarning: Objective did not converge. You might want to increase the number of iterations, check the scale of the features or consider increasing regularisation. Duality gap: 2.160e+13, tolerance: 1.368e+10
  model = cd_fast.enet_coordinate_descent(

2026-05-16 10:05:27,758:WARNING:C:\Users\kesar\anaconda3\envs\myenv\lib\site-packages\sklearn\linear_model\_coordinate_descent.py:678: ConvergenceWarning: Objective did not converge. You might want to increase the number of iterations, check the scale of the features or consider increasing regularisation. Duality gap: 1.704e+13, tolerance: 1.382e+10
  model = cd_fast.enet_coordinate_descent(

2026-05-16 10:05:27,793:INFO:Calculating mean and std
2026-05-16 10:05:27,794:INFO:Creating metrics dataframe
2026-05-16 10:05:27,800:INFO:Uploading results into container
2026-05-16 10:05:27,801:INFO:Uploading model into container now
2026-05-16 10:05:27,802:INFO:_master_model_container: 2
2026-05-16 10:05:27,802:INFO:_display_container: 2
2026-05-16 10:05:27,803:INFO:Lasso(random_state=42)
2026-05-16 10:05:27,803:INFO:create_model() successfully completed......................................
2026-05-16 10:05:27,996:INFO:SubProcess create_model() end ==================================
2026-05-16 10:05:27,997:INFO:Creating metrics dataframe
2026-05-16 10:05:28,001:INFO:Initializing Ridge Regression
2026-05-16 10:05:28,002:INFO:Total runtime is 0.22591623465220134 minutes
2026-05-16 10:05:28,002:INFO:SubProcess create_model() called ==================================
2026-05-16 10:05:28,002:INFO:Initializing create_model()
2026-05-16 10:05:28,002:INFO:create_model(self=<pycaret.regression.oop.RegressionExperiment object at 0x0000025877E5F8E0>, estimator=ridge, fold=KFold(n_splits=3, random_state=None, shuffle=False), round=4, cross_validation=True, predict=True, fit_kwargs={}, groups=None, refit=False, probability_threshold=None, experiment_custom_tags=None, verbose=False, system=False, add_to_model_list=True, metrics=None, display=<pycaret.internal.display.display.CommonDisplay object at 0x0000025879D6A410>, model_only=True, return_train_score=False, error_score=0.0, kwargs={})
2026-05-16 10:05:28,002:INFO:Checking exceptions
2026-05-16 10:05:28,002:INFO:Importing libraries
2026-05-16 10:05:28,002:INFO:Copying training dataset
2026-05-16 10:05:28,013:INFO:Defining folds
2026-05-16 10:05:28,013:INFO:Declaring metric variables
2026-05-16 10:05:28,013:INFO:Importing untrained model
2026-05-16 10:05:28,014:INFO:Ridge Regression Imported successfully
2026-05-16 10:05:28,014:INFO:Starting cross validation
2026-05-16 10:05:28,015:INFO:Cross validating with KFold(n_splits=3, random_state=None, shuffle=False), n_jobs=-1
2026-05-16 10:05:28,097:WARNING:C:\Users\kesar\anaconda3\envs\myenv\lib\site-packages\sklearn\linear_model\_ridge.py:204: LinAlgWarning: Ill-conditioned matrix (rcond=1.14177e-11): result may not be accurate.
  return linalg.solve(A, Xy, assume_a="pos", overwrite_a=True).T

2026-05-16 10:05:32,433:WARNING:C:\Users\kesar\anaconda3\envs\myenv\lib\site-packages\_distutils_hack\__init__.py:26: UserWarning: Setuptools is replacing distutils.
  warnings.warn("Setuptools is replacing distutils.")

2026-05-16 10:05:32,448:WARNING:C:\Users\kesar\anaconda3\envs\myenv\lib\site-packages\_distutils_hack\__init__.py:26: UserWarning: Setuptools is replacing distutils.
  warnings.warn("Setuptools is replacing distutils.")

2026-05-16 10:05:32,944:WARNING:C:\Users\kesar\anaconda3\envs\myenv\lib\site-packages\sklearn\linear_model\_ridge.py:204: LinAlgWarning: Ill-conditioned matrix (rcond=1.17425e-11): result may not be accurate.
  return linalg.solve(A, Xy, assume_a="pos", overwrite_a=True).T

2026-05-16 10:05:32,963:WARNING:C:\Users\kesar\anaconda3\envs\myenv\lib\site-packages\sklearn\linear_model\_ridge.py:204: LinAlgWarning: Ill-conditioned matrix (rcond=1.09098e-11): result may not be accurate.
  return linalg.solve(A, Xy, assume_a="pos", overwrite_a=True).T

2026-05-16 10:05:32,982:INFO:Calculating mean and std
2026-05-16 10:05:32,983:INFO:Creating metrics dataframe
2026-05-16 10:05:32,987:INFO:Uploading results into container
2026-05-16 10:05:32,988:INFO:Uploading model into container now
2026-05-16 10:05:32,989:INFO:_master_model_container: 3
2026-05-16 10:05:32,989:INFO:_display_container: 2
2026-05-16 10:05:32,989:INFO:Ridge(random_state=42)
2026-05-16 10:05:32,990:INFO:create_model() successfully completed......................................
2026-05-16 10:05:33,173:INFO:SubProcess create_model() end ==================================
2026-05-16 10:05:33,173:INFO:Creating metrics dataframe
2026-05-16 10:05:33,177:INFO:Initializing Elastic Net
2026-05-16 10:05:33,177:INFO:Total runtime is 0.31216365098953247 minutes
2026-05-16 10:05:33,177:INFO:SubProcess create_model() called ==================================
2026-05-16 10:05:33,178:INFO:Initializing create_model()
2026-05-16 10:05:33,178:INFO:create_model(self=<pycaret.regression.oop.RegressionExperiment object at 0x0000025877E5F8E0>, estimator=en, fold=KFold(n_splits=3, random_state=None, shuffle=False), round=4, cross_validation=True, predict=True, fit_kwargs={}, groups=None, refit=False, probability_threshold=None, experiment_custom_tags=None, verbose=False, system=False, add_to_model_list=True, metrics=None, display=<pycaret.internal.display.display.CommonDisplay object at 0x0000025879D6A410>, model_only=True, return_train_score=False, error_score=0.0, kwargs={})
2026-05-16 10:05:33,178:INFO:Checking exceptions
2026-05-16 10:05:33,178:INFO:Importing libraries
2026-05-16 10:05:33,178:INFO:Copying training dataset
2026-05-16 10:05:33,188:INFO:Defining folds
2026-05-16 10:05:33,188:INFO:Declaring metric variables
2026-05-16 10:05:33,188:INFO:Importing untrained model
2026-05-16 10:05:33,189:INFO:Elastic Net Imported successfully
2026-05-16 10:05:33,189:INFO:Starting cross validation
2026-05-16 10:05:33,190:INFO:Cross validating with KFold(n_splits=3, random_state=None, shuffle=False), n_jobs=-1
2026-05-16 10:05:33,341:WARNING:C:\Users\kesar\anaconda3\envs\myenv\lib\site-packages\sklearn\linear_model\_coordinate_descent.py:678: ConvergenceWarning: Objective did not converge. You might want to increase the number of iterations, check the scale of the features or consider increasing regularisation. Duality gap: 2.036e+13, tolerance: 1.382e+10
  model = cd_fast.enet_coordinate_descent(

2026-05-16 10:05:33,345:WARNING:C:\Users\kesar\anaconda3\envs\myenv\lib\site-packages\sklearn\linear_model\_coordinate_descent.py:678: ConvergenceWarning: Objective did not converge. You might want to increase the number of iterations, check the scale of the features or consider increasing regularisation. Duality gap: 1.953e+13, tolerance: 1.380e+10
  model = cd_fast.enet_coordinate_descent(

2026-05-16 10:05:33,352:WARNING:C:\Users\kesar\anaconda3\envs\myenv\lib\site-packages\sklearn\linear_model\_coordinate_descent.py:678: ConvergenceWarning: Objective did not converge. You might want to increase the number of iterations, check the scale of the features or consider increasing regularisation. Duality gap: 1.669e+13, tolerance: 1.368e+10
  model = cd_fast.enet_coordinate_descent(

2026-05-16 10:05:33,377:INFO:Calculating mean and std
2026-05-16 10:05:33,378:INFO:Creating metrics dataframe
2026-05-16 10:05:33,382:INFO:Uploading results into container
2026-05-16 10:05:33,383:INFO:Uploading model into container now
2026-05-16 10:05:33,384:INFO:_master_model_container: 4
2026-05-16 10:05:33,384:INFO:_display_container: 2
2026-05-16 10:05:33,384:INFO:ElasticNet(random_state=42)
2026-05-16 10:05:33,384:INFO:create_model() successfully completed......................................
2026-05-16 10:05:33,524:INFO:SubProcess create_model() end ==================================
2026-05-16 10:05:33,524:INFO:Creating metrics dataframe
2026-05-16 10:05:33,532:INFO:Initializing Least Angle Regression
2026-05-16 10:05:33,532:INFO:Total runtime is 0.31807930072148644 minutes
2026-05-16 10:05:33,533:INFO:SubProcess create_model() called ==================================
2026-05-16 10:05:33,533:INFO:Initializing create_model()
2026-05-16 10:05:33,534:INFO:create_model(self=<pycaret.regression.oop.RegressionExperiment object at 0x0000025877E5F8E0>, estimator=lar, fold=KFold(n_splits=3, random_state=None, shuffle=False), round=4, cross_validation=True, predict=True, fit_kwargs={}, groups=None, refit=False, probability_threshold=None, experiment_custom_tags=None, verbose=False, system=False, add_to_model_list=True, metrics=None, display=<pycaret.internal.display.display.CommonDisplay object at 0x0000025879D6A410>, model_only=True, return_train_score=False, error_score=0.0, kwargs={})
2026-05-16 10:05:33,534:INFO:Checking exceptions
2026-05-16 10:05:33,534:INFO:Importing libraries
2026-05-16 10:05:33,534:INFO:Copying training dataset
2026-05-16 10:05:33,555:INFO:Defining folds
2026-05-16 10:05:33,555:INFO:Declaring metric variables
2026-05-16 10:05:33,556:INFO:Importing untrained model
2026-05-16 10:05:33,556:INFO:Least Angle Regression Imported successfully
2026-05-16 10:05:33,557:INFO:Starting cross validation
2026-05-16 10:05:33,558:INFO:Cross validating with KFold(n_splits=3, random_state=None, shuffle=False), n_jobs=-1
2026-05-16 10:05:33,659:INFO:Calculating mean and std
2026-05-16 10:05:33,660:INFO:Creating metrics dataframe
2026-05-16 10:05:33,662:INFO:Uploading results into container
2026-05-16 10:05:33,663:INFO:Uploading model into container now
2026-05-16 10:05:33,663:INFO:_master_model_container: 5
2026-05-16 10:05:33,664:INFO:_display_container: 2
2026-05-16 10:05:33,664:INFO:Lars(random_state=42)
2026-05-16 10:05:33,664:INFO:create_model() successfully completed......................................
2026-05-16 10:05:33,824:INFO:SubProcess create_model() end ==================================
2026-05-16 10:05:33,825:INFO:Creating metrics dataframe
2026-05-16 10:05:33,833:INFO:Initializing Lasso Least Angle Regression
2026-05-16 10:05:33,833:INFO:Total runtime is 0.32309985955556236 minutes
2026-05-16 10:05:33,834:INFO:SubProcess create_model() called ==================================
2026-05-16 10:05:33,834:INFO:Initializing create_model()
2026-05-16 10:05:33,835:INFO:create_model(self=<pycaret.regression.oop.RegressionExperiment object at 0x0000025877E5F8E0>, estimator=llar, fold=KFold(n_splits=3, random_state=None, shuffle=False), round=4, cross_validation=True, predict=True, fit_kwargs={}, groups=None, refit=False, probability_threshold=None, experiment_custom_tags=None, verbose=False, system=False, add_to_model_list=True, metrics=None, display=<pycaret.internal.display.display.CommonDisplay object at 0x0000025879D6A410>, model_only=True, return_train_score=False, error_score=0.0, kwargs={})
2026-05-16 10:05:33,835:INFO:Checking exceptions
2026-05-16 10:05:33,835:INFO:Importing libraries
2026-05-16 10:05:33,835:INFO:Copying training dataset
2026-05-16 10:05:33,859:INFO:Defining folds
2026-05-16 10:05:33,859:INFO:Declaring metric variables
2026-05-16 10:05:33,859:INFO:Importing untrained model
2026-05-16 10:05:33,860:INFO:Lasso Least Angle Regression Imported successfully
2026-05-16 10:05:33,861:INFO:Starting cross validation
2026-05-16 10:05:33,863:INFO:Cross validating with KFold(n_splits=3, random_state=None, shuffle=False), n_jobs=-1
2026-05-16 10:05:33,974:INFO:Calculating mean and std
2026-05-16 10:05:33,976:INFO:Creating metrics dataframe
2026-05-16 10:05:33,980:INFO:Uploading results into container
2026-05-16 10:05:33,981:INFO:Uploading model into container now
2026-05-16 10:05:33,982:INFO:_master_model_container: 6
2026-05-16 10:05:33,982:INFO:_display_container: 2
2026-05-16 10:05:33,983:INFO:LassoLars(random_state=42)
2026-05-16 10:05:33,983:INFO:create_model() successfully completed......................................
2026-05-16 10:05:34,129:INFO:SubProcess create_model() end ==================================
2026-05-16 10:05:34,129:INFO:Creating metrics dataframe
2026-05-16 10:05:34,137:INFO:Initializing Orthogonal Matching Pursuit
2026-05-16 10:05:34,138:INFO:Total runtime is 0.3281789302825928 minutes
2026-05-16 10:05:34,138:INFO:SubProcess create_model() called ==================================
2026-05-16 10:05:34,139:INFO:Initializing create_model()
2026-05-16 10:05:34,139:INFO:create_model(self=<pycaret.regression.oop.RegressionExperiment object at 0x0000025877E5F8E0>, estimator=omp, fold=KFold(n_splits=3, random_state=None, shuffle=False), round=4, cross_validation=True, predict=True, fit_kwargs={}, groups=None, refit=False, probability_threshold=None, experiment_custom_tags=None, verbose=False, system=False, add_to_model_list=True, metrics=None, display=<pycaret.internal.display.display.CommonDisplay object at 0x0000025879D6A410>, model_only=True, return_train_score=False, error_score=0.0, kwargs={})
2026-05-16 10:05:34,139:INFO:Checking exceptions
2026-05-16 10:05:34,139:INFO:Importing libraries
2026-05-16 10:05:34,140:INFO:Copying training dataset
2026-05-16 10:05:34,167:INFO:Defining folds
2026-05-16 10:05:34,168:INFO:Declaring metric variables
2026-05-16 10:05:34,168:INFO:Importing untrained model
2026-05-16 10:05:34,169:INFO:Orthogonal Matching Pursuit Imported successfully
2026-05-16 10:05:34,169:INFO:Starting cross validation
2026-05-16 10:05:34,171:INFO:Cross validating with KFold(n_splits=3, random_state=None, shuffle=False), n_jobs=-1
2026-05-16 10:05:34,273:INFO:Calculating mean and std
2026-05-16 10:05:34,274:INFO:Creating metrics dataframe
2026-05-16 10:05:34,278:INFO:Uploading results into container
2026-05-16 10:05:34,279:INFO:Uploading model into container now
2026-05-16 10:05:34,280:INFO:_master_model_container: 7
2026-05-16 10:05:34,280:INFO:_display_container: 2
2026-05-16 10:05:34,281:INFO:OrthogonalMatchingPursuit()
2026-05-16 10:05:34,281:INFO:create_model() successfully completed......................................
2026-05-16 10:05:34,459:INFO:SubProcess create_model() end ==================================
2026-05-16 10:05:34,460:INFO:Creating metrics dataframe
2026-05-16 10:05:34,463:INFO:Initializing Bayesian Ridge
2026-05-16 10:05:34,463:INFO:Total runtime is 0.3336067914962769 minutes
2026-05-16 10:05:34,463:INFO:SubProcess create_model() called ==================================
2026-05-16 10:05:34,463:INFO:Initializing create_model()
2026-05-16 10:05:34,463:INFO:create_model(self=<pycaret.regression.oop.RegressionExperiment object at 0x0000025877E5F8E0>, estimator=br, fold=KFold(n_splits=3, random_state=None, shuffle=False), round=4, cross_validation=True, predict=True, fit_kwargs={}, groups=None, refit=False, probability_threshold=None, experiment_custom_tags=None, verbose=False, system=False, add_to_model_list=True, metrics=None, display=<pycaret.internal.display.display.CommonDisplay object at 0x0000025879D6A410>, model_only=True, return_train_score=False, error_score=0.0, kwargs={})
2026-05-16 10:05:34,463:INFO:Checking exceptions
2026-05-16 10:05:34,463:INFO:Importing libraries
2026-05-16 10:05:34,463:INFO:Copying training dataset
2026-05-16 10:05:34,474:INFO:Defining folds
2026-05-16 10:05:34,474:INFO:Declaring metric variables
2026-05-16 10:05:34,474:INFO:Importing untrained model
2026-05-16 10:05:34,475:INFO:Bayesian Ridge Imported successfully
2026-05-16 10:05:34,475:INFO:Starting cross validation
2026-05-16 10:05:34,476:INFO:Cross validating with KFold(n_splits=3, random_state=None, shuffle=False), n_jobs=-1
2026-05-16 10:05:34,609:INFO:Calculating mean and std
2026-05-16 10:05:34,610:INFO:Creating metrics dataframe
2026-05-16 10:05:34,615:INFO:Uploading results into container
2026-05-16 10:05:34,616:INFO:Uploading model into container now
2026-05-16 10:05:34,617:INFO:_master_model_container: 8
2026-05-16 10:05:34,617:INFO:_display_container: 2
2026-05-16 10:05:34,617:INFO:BayesianRidge()
2026-05-16 10:05:34,618:INFO:create_model() successfully completed......................................
2026-05-16 10:05:34,783:INFO:SubProcess create_model() end ==================================
2026-05-16 10:05:34,784:INFO:Creating metrics dataframe
2026-05-16 10:05:34,788:INFO:Initializing Passive Aggressive Regressor
2026-05-16 10:05:34,788:INFO:Total runtime is 0.33900982538859054 minutes
2026-05-16 10:05:34,788:INFO:SubProcess create_model() called ==================================
2026-05-16 10:05:34,789:INFO:Initializing create_model()
2026-05-16 10:05:34,789:INFO:create_model(self=<pycaret.regression.oop.RegressionExperiment object at 0x0000025877E5F8E0>, estimator=par, fold=KFold(n_splits=3, random_state=None, shuffle=False), round=4, cross_validation=True, predict=True, fit_kwargs={}, groups=None, refit=False, probability_threshold=None, experiment_custom_tags=None, verbose=False, system=False, add_to_model_list=True, metrics=None, display=<pycaret.internal.display.display.CommonDisplay object at 0x0000025879D6A410>, model_only=True, return_train_score=False, error_score=0.0, kwargs={})
2026-05-16 10:05:34,789:INFO:Checking exceptions
2026-05-16 10:05:34,789:INFO:Importing libraries
2026-05-16 10:05:34,789:INFO:Copying training dataset
2026-05-16 10:05:34,802:INFO:Defining folds
2026-05-16 10:05:34,802:INFO:Declaring metric variables
2026-05-16 10:05:34,803:INFO:Importing untrained model
2026-05-16 10:05:34,804:INFO:Passive Aggressive Regressor Imported successfully
2026-05-16 10:05:34,805:INFO:Starting cross validation
2026-05-16 10:05:34,807:INFO:Cross validating with KFold(n_splits=3, random_state=None, shuffle=False), n_jobs=-1
2026-05-16 10:05:34,974:INFO:Calculating mean and std
2026-05-16 10:05:34,975:INFO:Creating metrics dataframe
2026-05-16 10:05:34,979:INFO:Uploading results into container
2026-05-16 10:05:34,980:INFO:Uploading model into container now
2026-05-16 10:05:34,980:INFO:_master_model_container: 9
2026-05-16 10:05:34,980:INFO:_display_container: 2
2026-05-16 10:05:34,981:INFO:PassiveAggressiveRegressor(random_state=42)
2026-05-16 10:05:34,981:INFO:create_model() successfully completed......................................
2026-05-16 10:05:35,149:INFO:SubProcess create_model() end ==================================
2026-05-16 10:05:35,149:INFO:Creating metrics dataframe
2026-05-16 10:05:35,153:INFO:Initializing Huber Regressor
2026-05-16 10:05:35,153:INFO:Total runtime is 0.3450951377550761 minutes
2026-05-16 10:05:35,153:INFO:SubProcess create_model() called ==================================
2026-05-16 10:05:35,154:INFO:Initializing create_model()
2026-05-16 10:05:35,154:INFO:create_model(self=<pycaret.regression.oop.RegressionExperiment object at 0x0000025877E5F8E0>, estimator=huber, fold=KFold(n_splits=3, random_state=None, shuffle=False), round=4, cross_validation=True, predict=True, fit_kwargs={}, groups=None, refit=False, probability_threshold=None, experiment_custom_tags=None, verbose=False, system=False, add_to_model_list=True, metrics=None, display=<pycaret.internal.display.display.CommonDisplay object at 0x0000025879D6A410>, model_only=True, return_train_score=False, error_score=0.0, kwargs={})
2026-05-16 10:05:35,154:INFO:Checking exceptions
2026-05-16 10:05:35,154:INFO:Importing libraries
2026-05-16 10:05:35,154:INFO:Copying training dataset
2026-05-16 10:05:35,178:INFO:Defining folds
2026-05-16 10:05:35,179:INFO:Declaring metric variables
2026-05-16 10:05:35,179:INFO:Importing untrained model
2026-05-16 10:05:35,180:INFO:Huber Regressor Imported successfully
2026-05-16 10:05:35,180:INFO:Starting cross validation
2026-05-16 10:05:35,182:INFO:Cross validating with KFold(n_splits=3, random_state=None, shuffle=False), n_jobs=-1
2026-05-16 10:05:35,598:WARNING:C:\Users\kesar\anaconda3\envs\myenv\lib\site-packages\sklearn\linear_model\_huber.py:342: ConvergenceWarning: lbfgs failed to converge (status=1):
STOP: TOTAL NO. of ITERATIONS REACHED LIMIT.

Increase the number of iterations (max_iter) or scale the data as shown in:
    https://scikit-learn.org/stable/modules/preprocessing.html
  self.n_iter_ = _check_optimize_result("lbfgs", opt_res, self.max_iter)

2026-05-16 10:05:35,664:WARNING:C:\Users\kesar\anaconda3\envs\myenv\lib\site-packages\sklearn\linear_model\_huber.py:342: ConvergenceWarning: lbfgs failed to converge (status=1):
STOP: TOTAL NO. of ITERATIONS REACHED LIMIT.

Increase the number of iterations (max_iter) or scale the data as shown in:
    https://scikit-learn.org/stable/modules/preprocessing.html
  self.n_iter_ = _check_optimize_result("lbfgs", opt_res, self.max_iter)

2026-05-16 10:05:35,697:WARNING:C:\Users\kesar\anaconda3\envs\myenv\lib\site-packages\sklearn\linear_model\_huber.py:342: ConvergenceWarning: lbfgs failed to converge (status=1):
STOP: TOTAL NO. of ITERATIONS REACHED LIMIT.

Increase the number of iterations (max_iter) or scale the data as shown in:
    https://scikit-learn.org/stable/modules/preprocessing.html
  self.n_iter_ = _check_optimize_result("lbfgs", opt_res, self.max_iter)

2026-05-16 10:05:35,733:INFO:Calculating mean and std
2026-05-16 10:05:35,734:INFO:Creating metrics dataframe
2026-05-16 10:05:35,739:INFO:Uploading results into container
2026-05-16 10:05:35,740:INFO:Uploading model into container now
2026-05-16 10:05:35,741:INFO:_master_model_container: 10
2026-05-16 10:05:35,741:INFO:_display_container: 2
2026-05-16 10:05:35,742:INFO:HuberRegressor()
2026-05-16 10:05:35,742:INFO:create_model() successfully completed......................................
2026-05-16 10:05:35,930:INFO:SubProcess create_model() end ==================================
2026-05-16 10:05:35,931:INFO:Creating metrics dataframe
2026-05-16 10:05:35,938:INFO:Initializing K Neighbors Regressor
2026-05-16 10:05:35,938:INFO:Total runtime is 0.35817937056223553 minutes
2026-05-16 10:05:35,938:INFO:SubProcess create_model() called ==================================
2026-05-16 10:05:35,939:INFO:Initializing create_model()
2026-05-16 10:05:35,939:INFO:create_model(self=<pycaret.regression.oop.RegressionExperiment object at 0x0000025877E5F8E0>, estimator=knn, fold=KFold(n_splits=3, random_state=None, shuffle=False), round=4, cross_validation=True, predict=True, fit_kwargs={}, groups=None, refit=False, probability_threshold=None, experiment_custom_tags=None, verbose=False, system=False, add_to_model_list=True, metrics=None, display=<pycaret.internal.display.display.CommonDisplay object at 0x0000025879D6A410>, model_only=True, return_train_score=False, error_score=0.0, kwargs={})
2026-05-16 10:05:35,939:INFO:Checking exceptions
2026-05-16 10:05:35,940:INFO:Importing libraries
2026-05-16 10:05:35,940:INFO:Copying training dataset
2026-05-16 10:05:35,966:INFO:Defining folds
2026-05-16 10:05:35,967:INFO:Declaring metric variables
2026-05-16 10:05:35,967:INFO:Importing untrained model
2026-05-16 10:05:35,968:INFO:K Neighbors Regressor Imported successfully
2026-05-16 10:05:35,968:INFO:Starting cross validation
2026-05-16 10:05:35,971:INFO:Cross validating with KFold(n_splits=3, random_state=None, shuffle=False), n_jobs=-1
2026-05-16 10:05:36,175:INFO:Calculating mean and std
2026-05-16 10:05:36,176:INFO:Creating metrics dataframe
2026-05-16 10:05:36,181:INFO:Uploading results into container
2026-05-16 10:05:36,182:INFO:Uploading model into container now
2026-05-16 10:05:36,183:INFO:_master_model_container: 11
2026-05-16 10:05:36,183:INFO:_display_container: 2
2026-05-16 10:05:36,183:INFO:KNeighborsRegressor(n_jobs=-1)
2026-05-16 10:05:36,184:INFO:create_model() successfully completed......................................
2026-05-16 10:05:36,322:INFO:SubProcess create_model() end ==================================
2026-05-16 10:05:36,323:INFO:Creating metrics dataframe
2026-05-16 10:05:36,325:INFO:Initializing Decision Tree Regressor
2026-05-16 10:05:36,326:INFO:Total runtime is 0.3646424015363058 minutes
2026-05-16 10:05:36,326:INFO:SubProcess create_model() called ==================================
2026-05-16 10:05:36,326:INFO:Initializing create_model()
2026-05-16 10:05:36,326:INFO:create_model(self=<pycaret.regression.oop.RegressionExperiment object at 0x0000025877E5F8E0>, estimator=dt, fold=KFold(n_splits=3, random_state=None, shuffle=False), round=4, cross_validation=True, predict=True, fit_kwargs={}, groups=None, refit=False, probability_threshold=None, experiment_custom_tags=None, verbose=False, system=False, add_to_model_list=True, metrics=None, display=<pycaret.internal.display.display.CommonDisplay object at 0x0000025879D6A410>, model_only=True, return_train_score=False, error_score=0.0, kwargs={})
2026-05-16 10:05:36,326:INFO:Checking exceptions
2026-05-16 10:05:36,326:INFO:Importing libraries
2026-05-16 10:05:36,326:INFO:Copying training dataset
2026-05-16 10:05:36,336:INFO:Defining folds
2026-05-16 10:05:36,336:INFO:Declaring metric variables
2026-05-16 10:05:36,336:INFO:Importing untrained model
2026-05-16 10:05:36,337:INFO:Decision Tree Regressor Imported successfully
2026-05-16 10:05:36,337:INFO:Starting cross validation
2026-05-16 10:05:36,338:INFO:Cross validating with KFold(n_splits=3, random_state=None, shuffle=False), n_jobs=-1
2026-05-16 10:05:36,585:INFO:Calculating mean and std
2026-05-16 10:05:36,586:INFO:Creating metrics dataframe
2026-05-16 10:05:36,591:INFO:Uploading results into container
2026-05-16 10:05:36,592:INFO:Uploading model into container now
2026-05-16 10:05:36,593:INFO:_master_model_container: 12
2026-05-16 10:05:36,593:INFO:_display_container: 2
2026-05-16 10:05:36,594:INFO:DecisionTreeRegressor(random_state=42)
2026-05-16 10:05:36,594:INFO:create_model() successfully completed......................................
2026-05-16 10:05:36,748:INFO:SubProcess create_model() end ==================================
2026-05-16 10:05:36,748:INFO:Creating metrics dataframe
2026-05-16 10:05:36,751:INFO:Initializing Random Forest Regressor
2026-05-16 10:05:36,751:INFO:Total runtime is 0.3717286149660747 minutes
2026-05-16 10:05:36,751:INFO:SubProcess create_model() called ==================================
2026-05-16 10:05:36,751:INFO:Initializing create_model()
2026-05-16 10:05:36,751:INFO:create_model(self=<pycaret.regression.oop.RegressionExperiment object at 0x0000025877E5F8E0>, estimator=rf, fold=KFold(n_splits=3, random_state=None, shuffle=False), round=4, cross_validation=True, predict=True, fit_kwargs={}, groups=None, refit=False, probability_threshold=None, experiment_custom_tags=None, verbose=False, system=False, add_to_model_list=True, metrics=None, display=<pycaret.internal.display.display.CommonDisplay object at 0x0000025879D6A410>, model_only=True, return_train_score=False, error_score=0.0, kwargs={})
2026-05-16 10:05:36,751:INFO:Checking exceptions
2026-05-16 10:05:36,751:INFO:Importing libraries
2026-05-16 10:05:36,752:INFO:Copying training dataset
2026-05-16 10:05:36,762:INFO:Defining folds
2026-05-16 10:05:36,763:INFO:Declaring metric variables
2026-05-16 10:05:36,763:INFO:Importing untrained model
2026-05-16 10:05:36,763:INFO:Random Forest Regressor Imported successfully
2026-05-16 10:05:36,763:INFO:Starting cross validation
2026-05-16 10:05:36,764:INFO:Cross validating with KFold(n_splits=3, random_state=None, shuffle=False), n_jobs=-1
2026-05-16 10:05:41,571:INFO:Calculating mean and std
2026-05-16 10:05:41,572:INFO:Creating metrics dataframe
2026-05-16 10:05:41,576:INFO:Uploading results into container
2026-05-16 10:05:41,577:INFO:Uploading model into container now
2026-05-16 10:05:41,578:INFO:_master_model_container: 13
2026-05-16 10:05:41,578:INFO:_display_container: 2
2026-05-16 10:05:41,579:INFO:RandomForestRegressor(n_jobs=-1, random_state=42)
2026-05-16 10:05:41,579:INFO:create_model() successfully completed......................................
2026-05-16 10:05:41,744:INFO:SubProcess create_model() end ==================================
2026-05-16 10:05:41,745:INFO:Creating metrics dataframe
2026-05-16 10:05:41,756:INFO:Initializing Extra Trees Regressor
2026-05-16 10:05:41,757:INFO:Total runtime is 0.4551656564076742 minutes
2026-05-16 10:05:41,758:INFO:SubProcess create_model() called ==================================
2026-05-16 10:05:41,759:INFO:Initializing create_model()
2026-05-16 10:05:41,759:INFO:create_model(self=<pycaret.regression.oop.RegressionExperiment object at 0x0000025877E5F8E0>, estimator=et, fold=KFold(n_splits=3, random_state=None, shuffle=False), round=4, cross_validation=True, predict=True, fit_kwargs={}, groups=None, refit=False, probability_threshold=None, experiment_custom_tags=None, verbose=False, system=False, add_to_model_list=True, metrics=None, display=<pycaret.internal.display.display.CommonDisplay object at 0x0000025879D6A410>, model_only=True, return_train_score=False, error_score=0.0, kwargs={})
2026-05-16 10:05:41,759:INFO:Checking exceptions
2026-05-16 10:05:41,759:INFO:Importing libraries
2026-05-16 10:05:41,760:INFO:Copying training dataset
2026-05-16 10:05:41,787:INFO:Defining folds
2026-05-16 10:05:41,787:INFO:Declaring metric variables
2026-05-16 10:05:41,788:INFO:Importing untrained model
2026-05-16 10:05:41,789:INFO:Extra Trees Regressor Imported successfully
2026-05-16 10:05:41,789:INFO:Starting cross validation
2026-05-16 10:05:41,790:INFO:Cross validating with KFold(n_splits=3, random_state=None, shuffle=False), n_jobs=-1
2026-05-16 10:05:44,129:INFO:Calculating mean and std
2026-05-16 10:05:44,130:INFO:Creating metrics dataframe
2026-05-16 10:05:44,136:INFO:Uploading results into container
2026-05-16 10:05:44,137:INFO:Uploading model into container now
2026-05-16 10:05:44,138:INFO:_master_model_container: 14
2026-05-16 10:05:44,138:INFO:_display_container: 2
2026-05-16 10:05:44,139:INFO:ExtraTreesRegressor(n_jobs=-1, random_state=42)
2026-05-16 10:05:44,139:INFO:create_model() successfully completed......................................
2026-05-16 10:05:44,367:INFO:SubProcess create_model() end ==================================
2026-05-16 10:05:44,367:INFO:Creating metrics dataframe
2026-05-16 10:05:44,378:INFO:Initializing AdaBoost Regressor
2026-05-16 10:05:44,378:INFO:Total runtime is 0.498850949605306 minutes
2026-05-16 10:05:44,379:INFO:SubProcess create_model() called ==================================
2026-05-16 10:05:44,379:INFO:Initializing create_model()
2026-05-16 10:05:44,380:INFO:create_model(self=<pycaret.regression.oop.RegressionExperiment object at 0x0000025877E5F8E0>, estimator=ada, fold=KFold(n_splits=3, random_state=None, shuffle=False), round=4, cross_validation=True, predict=True, fit_kwargs={}, groups=None, refit=False, probability_threshold=None, experiment_custom_tags=None, verbose=False, system=False, add_to_model_list=True, metrics=None, display=<pycaret.internal.display.display.CommonDisplay object at 0x0000025879D6A410>, model_only=True, return_train_score=False, error_score=0.0, kwargs={})
2026-05-16 10:05:44,380:INFO:Checking exceptions
2026-05-16 10:05:44,380:INFO:Importing libraries
2026-05-16 10:05:44,381:INFO:Copying training dataset
2026-05-16 10:05:44,408:INFO:Defining folds
2026-05-16 10:05:44,408:INFO:Declaring metric variables
2026-05-16 10:05:44,408:INFO:Importing untrained model
2026-05-16 10:05:44,409:INFO:AdaBoost Regressor Imported successfully
2026-05-16 10:05:44,409:INFO:Starting cross validation
2026-05-16 10:05:44,411:INFO:Cross validating with KFold(n_splits=3, random_state=None, shuffle=False), n_jobs=-1
2026-05-16 10:05:46,531:INFO:Calculating mean and std
2026-05-16 10:05:46,532:INFO:Creating metrics dataframe
2026-05-16 10:05:46,536:INFO:Uploading results into container
2026-05-16 10:05:46,537:INFO:Uploading model into container now
2026-05-16 10:05:46,538:INFO:_master_model_container: 15
2026-05-16 10:05:46,538:INFO:_display_container: 2
2026-05-16 10:05:46,539:INFO:AdaBoostRegressor(random_state=42)
2026-05-16 10:05:46,539:INFO:create_model() successfully completed......................................
2026-05-16 10:05:46,674:INFO:SubProcess create_model() end ==================================
2026-05-16 10:05:46,674:INFO:Creating metrics dataframe
2026-05-16 10:05:46,686:INFO:Initializing Gradient Boosting Regressor
2026-05-16 10:05:46,686:INFO:Total runtime is 0.5373173912366231 minutes
2026-05-16 10:05:46,687:INFO:SubProcess create_model() called ==================================
2026-05-16 10:05:46,687:INFO:Initializing create_model()
2026-05-16 10:05:46,688:INFO:create_model(self=<pycaret.regression.oop.RegressionExperiment object at 0x0000025877E5F8E0>, estimator=gbr, fold=KFold(n_splits=3, random_state=None, shuffle=False), round=4, cross_validation=True, predict=True, fit_kwargs={}, groups=None, refit=False, probability_threshold=None, experiment_custom_tags=None, verbose=False, system=False, add_to_model_list=True, metrics=None, display=<pycaret.internal.display.display.CommonDisplay object at 0x0000025879D6A410>, model_only=True, return_train_score=False, error_score=0.0, kwargs={})
2026-05-16 10:05:46,688:INFO:Checking exceptions
2026-05-16 10:05:46,688:INFO:Importing libraries
2026-05-16 10:05:46,688:INFO:Copying training dataset
2026-05-16 10:05:46,715:INFO:Defining folds
2026-05-16 10:05:46,716:INFO:Declaring metric variables
2026-05-16 10:05:46,716:INFO:Importing untrained model
2026-05-16 10:05:46,717:INFO:Gradient Boosting Regressor Imported successfully
2026-05-16 10:05:46,718:INFO:Starting cross validation
2026-05-16 10:05:46,720:INFO:Cross validating with KFold(n_splits=3, random_state=None, shuffle=False), n_jobs=-1
2026-05-16 10:05:49,993:INFO:Calculating mean and std
2026-05-16 10:05:49,993:INFO:Creating metrics dataframe
2026-05-16 10:05:49,995:INFO:Uploading results into container
2026-05-16 10:05:49,996:INFO:Uploading model into container now
2026-05-16 10:05:49,997:INFO:_master_model_container: 16
2026-05-16 10:05:49,997:INFO:_display_container: 2
2026-05-16 10:05:49,997:INFO:GradientBoostingRegressor(random_state=42)
2026-05-16 10:05:49,997:INFO:create_model() successfully completed......................................
2026-05-16 10:05:50,159:INFO:SubProcess create_model() end ==================================
2026-05-16 10:05:50,159:INFO:Creating metrics dataframe
2026-05-16 10:05:50,162:INFO:Initializing Extreme Gradient Boosting
2026-05-16 10:05:50,162:INFO:Total runtime is 0.5952489733695984 minutes
2026-05-16 10:05:50,162:INFO:SubProcess create_model() called ==================================
2026-05-16 10:05:50,163:INFO:Initializing create_model()
2026-05-16 10:05:50,163:INFO:create_model(self=<pycaret.regression.oop.RegressionExperiment object at 0x0000025877E5F8E0>, estimator=xgboost, fold=KFold(n_splits=3, random_state=None, shuffle=False), round=4, cross_validation=True, predict=True, fit_kwargs={}, groups=None, refit=False, probability_threshold=None, experiment_custom_tags=None, verbose=False, system=False, add_to_model_list=True, metrics=None, display=<pycaret.internal.display.display.CommonDisplay object at 0x0000025879D6A410>, model_only=True, return_train_score=False, error_score=0.0, kwargs={})
2026-05-16 10:05:50,163:INFO:Checking exceptions
2026-05-16 10:05:50,163:INFO:Importing libraries
2026-05-16 10:05:50,163:INFO:Copying training dataset
2026-05-16 10:05:50,189:INFO:Defining folds
2026-05-16 10:05:50,189:INFO:Declaring metric variables
2026-05-16 10:05:50,190:INFO:Importing untrained model
2026-05-16 10:05:50,193:INFO:Extreme Gradient Boosting Imported successfully
2026-05-16 10:05:50,193:INFO:Starting cross validation
2026-05-16 10:05:50,195:INFO:Cross validating with KFold(n_splits=3, random_state=None, shuffle=False), n_jobs=-1
2026-05-16 10:05:50,370:WARNING:create_model() for xgboost raised an exception or returned all 0.0, trying without fit_kwargs:
2026-05-16 10:05:50,376:WARNING:Traceback (most recent call last):
  File "C:\Users\kesar\anaconda3\envs\myenv\lib\site-packages\pycaret\internal\pycaret_experiment\supervised_experiment.py", line 794, in compare_models
    model, model_fit_time = self._create_model(**create_model_args)
  File "C:\Users\kesar\anaconda3\envs\myenv\lib\site-packages\pycaret\internal\pycaret_experiment\supervised_experiment.py", line 1533, in _create_model
    model, model_fit_time, model_results, _ = self._create_model_with_cv(
  File "C:\Users\kesar\anaconda3\envs\myenv\lib\site-packages\pycaret\internal\pycaret_experiment\supervised_experiment.py", line 1126, in _create_model_with_cv
    scores = cross_validate(
  File "C:\Users\kesar\anaconda3\envs\myenv\lib\site-packages\sklearn\utils\_param_validation.py", line 213, in wrapper
    return func(*args, **kwargs)
  File "C:\Users\kesar\anaconda3\envs\myenv\lib\site-packages\sklearn\model_selection\_validation.py", line 450, in cross_validate
    _warn_or_raise_about_fit_failures(results, error_score)
  File "C:\Users\kesar\anaconda3\envs\myenv\lib\site-packages\sklearn\model_selection\_validation.py", line 536, in _warn_or_raise_about_fit_failures
    raise ValueError(all_fits_failed_message)
ValueError: 
All the 3 fits failed.
It is very likely that your model is misconfigured.
You can try to debug the error by setting error_score='raise'.

Below are more details about the failures:
--------------------------------------------------------------------------------
3 fits failed with the following error:
Traceback (most recent call last):
  File "C:\Users\kesar\anaconda3\envs\myenv\lib\site-packages\sklearn\model_selection\_validation.py", line 895, in _fit_and_score
    estimator.fit(X_train, y_train, **fit_params)
  File "C:\Users\kesar\anaconda3\envs\myenv\lib\site-packages\pycaret\internal\pipeline.py", line 278, in fit
    fitted_estimator = self._memory_fit(
  File "C:\Users\kesar\anaconda3\envs\myenv\lib\site-packages\joblib\memory.py", line 353, in __call__
    return self.func(*args, **kwargs)
  File "C:\Users\kesar\anaconda3\envs\myenv\lib\site-packages\pycaret\internal\pipeline.py", line 69, in _fit_one
    transformer.fit(*args)
  File "C:\Users\kesar\anaconda3\envs\myenv\lib\site-packages\xgboost\core.py", line 751, in inner_f
    return func(**kwargs)
  File "C:\Users\kesar\anaconda3\envs\myenv\lib\site-packages\xgboost\sklearn.py", line 1343, in fit
    train_dmatrix, evals = _wrap_evaluation_matrices(
  File "C:\Users\kesar\anaconda3\envs\myenv\lib\site-packages\xgboost\sklearn.py", line 700, in _wrap_evaluation_matrices
    train_dmatrix = create_dmatrix(
  File "C:\Users\kesar\anaconda3\envs\myenv\lib\site-packages\xgboost\sklearn.py", line 1257, in _create_dmatrix
    return QuantileDMatrix(
  File "C:\Users\kesar\anaconda3\envs\myenv\lib\site-packages\xgboost\core.py", line 751, in inner_f
    return func(**kwargs)
  File "C:\Users\kesar\anaconda3\envs\myenv\lib\site-packages\xgboost\core.py", line 1719, in __init__
    self._init(
  File "C:\Users\kesar\anaconda3\envs\myenv\lib\site-packages\xgboost\core.py", line 1783, in _init
    it.reraise()
  File "C:\Users\kesar\anaconda3\envs\myenv\lib\site-packages\xgboost\core.py", line 594, in reraise
    raise exc  # pylint: disable=raising-bad-type
  File "C:\Users\kesar\anaconda3\envs\myenv\lib\site-packages\xgboost\core.py", line 575, in _handle_exception
    return fn()
  File "C:\Users\kesar\anaconda3\envs\myenv\lib\site-packages\xgboost\core.py", line 662, in <lambda>
    return self._handle_exception(lambda: int(self.next(input_data)), 0)
  File "C:\Users\kesar\anaconda3\envs\myenv\lib\site-packages\xgboost\data.py", line 1642, in next
    input_data(**self.kwargs)
  File "C:\Users\kesar\anaconda3\envs\myenv\lib\site-packages\xgboost\core.py", line 751, in inner_f
    return func(**kwargs)
  File "C:\Users\kesar\anaconda3\envs\myenv\lib\site-packages\xgboost\core.py", line 651, in input_data
    self.proxy.set_info(
  File "C:\Users\kesar\anaconda3\envs\myenv\lib\site-packages\xgboost\core.py", line 751, in inner_f
    return func(**kwargs)
  File "C:\Users\kesar\anaconda3\envs\myenv\lib\site-packages\xgboost\core.py", line 1066, in set_info
    self.feature_names = feature_names
  File "C:\Users\kesar\anaconda3\envs\myenv\lib\site-packages\xgboost\core.py", line 1469, in feature_names
    raise ValueError(
ValueError: feature_names must be string, and may not contain [, ] or <


2026-05-16 10:05:50,377:INFO:Initializing create_model()
2026-05-16 10:05:50,377:INFO:create_model(self=<pycaret.regression.oop.RegressionExperiment object at 0x0000025877E5F8E0>, estimator=xgboost, fold=KFold(n_splits=3, random_state=None, shuffle=False), round=4, cross_validation=True, predict=True, fit_kwargs={}, groups=None, refit=False, probability_threshold=None, experiment_custom_tags=None, verbose=False, system=False, add_to_model_list=True, metrics=None, display=<pycaret.internal.display.display.CommonDisplay object at 0x0000025879D6A410>, model_only=True, return_train_score=False, error_score=0.0, kwargs={})
2026-05-16 10:05:50,377:INFO:Checking exceptions
2026-05-16 10:05:50,377:INFO:Importing libraries
2026-05-16 10:05:50,377:INFO:Copying training dataset
2026-05-16 10:05:50,398:INFO:Defining folds
2026-05-16 10:05:50,398:INFO:Declaring metric variables
2026-05-16 10:05:50,399:INFO:Importing untrained model
2026-05-16 10:05:50,401:INFO:Extreme Gradient Boosting Imported successfully
2026-05-16 10:05:50,401:INFO:Starting cross validation
2026-05-16 10:05:50,403:INFO:Cross validating with KFold(n_splits=3, random_state=None, shuffle=False), n_jobs=-1
2026-05-16 10:05:50,575:ERROR:create_model() for xgboost raised an exception or returned all 0.0:
2026-05-16 10:05:50,577:ERROR:Traceback (most recent call last):
  File "C:\Users\kesar\anaconda3\envs\myenv\lib\site-packages\pycaret\internal\pycaret_experiment\supervised_experiment.py", line 794, in compare_models
    model, model_fit_time = self._create_model(**create_model_args)
  File "C:\Users\kesar\anaconda3\envs\myenv\lib\site-packages\pycaret\internal\pycaret_experiment\supervised_experiment.py", line 1533, in _create_model
    model, model_fit_time, model_results, _ = self._create_model_with_cv(
  File "C:\Users\kesar\anaconda3\envs\myenv\lib\site-packages\pycaret\internal\pycaret_experiment\supervised_experiment.py", line 1126, in _create_model_with_cv
    scores = cross_validate(
  File "C:\Users\kesar\anaconda3\envs\myenv\lib\site-packages\sklearn\utils\_param_validation.py", line 213, in wrapper
    return func(*args, **kwargs)
  File "C:\Users\kesar\anaconda3\envs\myenv\lib\site-packages\sklearn\model_selection\_validation.py", line 450, in cross_validate
    _warn_or_raise_about_fit_failures(results, error_score)
  File "C:\Users\kesar\anaconda3\envs\myenv\lib\site-packages\sklearn\model_selection\_validation.py", line 536, in _warn_or_raise_about_fit_failures
    raise ValueError(all_fits_failed_message)
ValueError: 
All the 3 fits failed.
It is very likely that your model is misconfigured.
You can try to debug the error by setting error_score='raise'.

Below are more details about the failures:
--------------------------------------------------------------------------------
3 fits failed with the following error:
Traceback (most recent call last):
  File "C:\Users\kesar\anaconda3\envs\myenv\lib\site-packages\sklearn\model_selection\_validation.py", line 895, in _fit_and_score
    estimator.fit(X_train, y_train, **fit_params)
  File "C:\Users\kesar\anaconda3\envs\myenv\lib\site-packages\pycaret\internal\pipeline.py", line 278, in fit
    fitted_estimator = self._memory_fit(
  File "C:\Users\kesar\anaconda3\envs\myenv\lib\site-packages\joblib\memory.py", line 353, in __call__
    return self.func(*args, **kwargs)
  File "C:\Users\kesar\anaconda3\envs\myenv\lib\site-packages\pycaret\internal\pipeline.py", line 69, in _fit_one
    transformer.fit(*args)
  File "C:\Users\kesar\anaconda3\envs\myenv\lib\site-packages\xgboost\core.py", line 751, in inner_f
    return func(**kwargs)
  File "C:\Users\kesar\anaconda3\envs\myenv\lib\site-packages\xgboost\sklearn.py", line 1343, in fit
    train_dmatrix, evals = _wrap_evaluation_matrices(
  File "C:\Users\kesar\anaconda3\envs\myenv\lib\site-packages\xgboost\sklearn.py", line 700, in _wrap_evaluation_matrices
    train_dmatrix = create_dmatrix(
  File "C:\Users\kesar\anaconda3\envs\myenv\lib\site-packages\xgboost\sklearn.py", line 1257, in _create_dmatrix
    return QuantileDMatrix(
  File "C:\Users\kesar\anaconda3\envs\myenv\lib\site-packages\xgboost\core.py", line 751, in inner_f
    return func(**kwargs)
  File "C:\Users\kesar\anaconda3\envs\myenv\lib\site-packages\xgboost\core.py", line 1719, in __init__
    self._init(
  File "C:\Users\kesar\anaconda3\envs\myenv\lib\site-packages\xgboost\core.py", line 1783, in _init
    it.reraise()
  File "C:\Users\kesar\anaconda3\envs\myenv\lib\site-packages\xgboost\core.py", line 594, in reraise
    raise exc  # pylint: disable=raising-bad-type
  File "C:\Users\kesar\anaconda3\envs\myenv\lib\site-packages\xgboost\core.py", line 575, in _handle_exception
    return fn()
  File "C:\Users\kesar\anaconda3\envs\myenv\lib\site-packages\xgboost\core.py", line 662, in <lambda>
    return self._handle_exception(lambda: int(self.next(input_data)), 0)
  File "C:\Users\kesar\anaconda3\envs\myenv\lib\site-packages\xgboost\data.py", line 1642, in next
    input_data(**self.kwargs)
  File "C:\Users\kesar\anaconda3\envs\myenv\lib\site-packages\xgboost\core.py", line 751, in inner_f
    return func(**kwargs)
  File "C:\Users\kesar\anaconda3\envs\myenv\lib\site-packages\xgboost\core.py", line 651, in input_data
    self.proxy.set_info(
  File "C:\Users\kesar\anaconda3\envs\myenv\lib\site-packages\xgboost\core.py", line 751, in inner_f
    return func(**kwargs)
  File "C:\Users\kesar\anaconda3\envs\myenv\lib\site-packages\xgboost\core.py", line 1066, in set_info
    self.feature_names = feature_names
  File "C:\Users\kesar\anaconda3\envs\myenv\lib\site-packages\xgboost\core.py", line 1469, in feature_names
    raise ValueError(
ValueError: feature_names must be string, and may not contain [, ] or <


During handling of the above exception, another exception occurred:

Traceback (most recent call last):
  File "C:\Users\kesar\anaconda3\envs\myenv\lib\site-packages\pycaret\internal\pycaret_experiment\supervised_experiment.py", line 815, in compare_models
    model, model_fit_time = self._create_model(**create_model_args)
  File "C:\Users\kesar\anaconda3\envs\myenv\lib\site-packages\pycaret\internal\pycaret_experiment\supervised_experiment.py", line 1533, in _create_model
    model, model_fit_time, model_results, _ = self._create_model_with_cv(
  File "C:\Users\kesar\anaconda3\envs\myenv\lib\site-packages\pycaret\internal\pycaret_experiment\supervised_experiment.py", line 1126, in _create_model_with_cv
    scores = cross_validate(
  File "C:\Users\kesar\anaconda3\envs\myenv\lib\site-packages\sklearn\utils\_param_validation.py", line 213, in wrapper
    return func(*args, **kwargs)
  File "C:\Users\kesar\anaconda3\envs\myenv\lib\site-packages\sklearn\model_selection\_validation.py", line 450, in cross_validate
    _warn_or_raise_about_fit_failures(results, error_score)
  File "C:\Users\kesar\anaconda3\envs\myenv\lib\site-packages\sklearn\model_selection\_validation.py", line 536, in _warn_or_raise_about_fit_failures
    raise ValueError(all_fits_failed_message)
ValueError: 
All the 3 fits failed.
It is very likely that your model is misconfigured.
You can try to debug the error by setting error_score='raise'.

Below are more details about the failures:
--------------------------------------------------------------------------------
3 fits failed with the following error:
Traceback (most recent call last):
  File "C:\Users\kesar\anaconda3\envs\myenv\lib\site-packages\sklearn\model_selection\_validation.py", line 895, in _fit_and_score
    estimator.fit(X_train, y_train, **fit_params)
  File "C:\Users\kesar\anaconda3\envs\myenv\lib\site-packages\pycaret\internal\pipeline.py", line 278, in fit
    fitted_estimator = self._memory_fit(
  File "C:\Users\kesar\anaconda3\envs\myenv\lib\site-packages\joblib\memory.py", line 353, in __call__
    return self.func(*args, **kwargs)
  File "C:\Users\kesar\anaconda3\envs\myenv\lib\site-packages\pycaret\internal\pipeline.py", line 69, in _fit_one
    transformer.fit(*args)
  File "C:\Users\kesar\anaconda3\envs\myenv\lib\site-packages\xgboost\core.py", line 751, in inner_f
    return func(**kwargs)
  File "C:\Users\kesar\anaconda3\envs\myenv\lib\site-packages\xgboost\sklearn.py", line 1343, in fit
    train_dmatrix, evals = _wrap_evaluation_matrices(
  File "C:\Users\kesar\anaconda3\envs\myenv\lib\site-packages\xgboost\sklearn.py", line 700, in _wrap_evaluation_matrices
    train_dmatrix = create_dmatrix(
  File "C:\Users\kesar\anaconda3\envs\myenv\lib\site-packages\xgboost\sklearn.py", line 1257, in _create_dmatrix
    return QuantileDMatrix(
  File "C:\Users\kesar\anaconda3\envs\myenv\lib\site-packages\xgboost\core.py", line 751, in inner_f
    return func(**kwargs)
  File "C:\Users\kesar\anaconda3\envs\myenv\lib\site-packages\xgboost\core.py", line 1719, in __init__
    self._init(
  File "C:\Users\kesar\anaconda3\envs\myenv\lib\site-packages\xgboost\core.py", line 1783, in _init
    it.reraise()
  File "C:\Users\kesar\anaconda3\envs\myenv\lib\site-packages\xgboost\core.py", line 594, in reraise
    raise exc  # pylint: disable=raising-bad-type
  File "C:\Users\kesar\anaconda3\envs\myenv\lib\site-packages\xgboost\core.py", line 575, in _handle_exception
    return fn()
  File "C:\Users\kesar\anaconda3\envs\myenv\lib\site-packages\xgboost\core.py", line 662, in <lambda>
    return self._handle_exception(lambda: int(self.next(input_data)), 0)
  File "C:\Users\kesar\anaconda3\envs\myenv\lib\site-packages\xgboost\data.py", line 1642, in next
    input_data(**self.kwargs)
  File "C:\Users\kesar\anaconda3\envs\myenv\lib\site-packages\xgboost\core.py", line 751, in inner_f
    return func(**kwargs)
  File "C:\Users\kesar\anaconda3\envs\myenv\lib\site-packages\xgboost\core.py", line 651, in input_data
    self.proxy.set_info(
  File "C:\Users\kesar\anaconda3\envs\myenv\lib\site-packages\xgboost\core.py", line 751, in inner_f
    return func(**kwargs)
  File "C:\Users\kesar\anaconda3\envs\myenv\lib\site-packages\xgboost\core.py", line 1066, in set_info
    self.feature_names = feature_names
  File "C:\Users\kesar\anaconda3\envs\myenv\lib\site-packages\xgboost\core.py", line 1469, in feature_names
    raise ValueError(
ValueError: feature_names must be string, and may not contain [, ] or <


2026-05-16 10:05:50,577:INFO:Initializing Light Gradient Boosting Machine
2026-05-16 10:05:50,577:INFO:Total runtime is 0.602164069811503 minutes
2026-05-16 10:05:50,578:INFO:SubProcess create_model() called ==================================
2026-05-16 10:05:50,579:INFO:Initializing create_model()
2026-05-16 10:05:50,579:INFO:create_model(self=<pycaret.regression.oop.RegressionExperiment object at 0x0000025877E5F8E0>, estimator=lightgbm, fold=KFold(n_splits=3, random_state=None, shuffle=False), round=4, cross_validation=True, predict=True, fit_kwargs={}, groups=None, refit=False, probability_threshold=None, experiment_custom_tags=None, verbose=False, system=False, add_to_model_list=True, metrics=None, display=<pycaret.internal.display.display.CommonDisplay object at 0x0000025879D6A410>, model_only=True, return_train_score=False, error_score=0.0, kwargs={})
2026-05-16 10:05:50,579:INFO:Checking exceptions
2026-05-16 10:05:50,579:INFO:Importing libraries
2026-05-16 10:05:50,579:INFO:Copying training dataset
2026-05-16 10:05:50,602:INFO:Defining folds
2026-05-16 10:05:50,603:INFO:Declaring metric variables
2026-05-16 10:05:50,603:INFO:Importing untrained model
2026-05-16 10:05:50,604:INFO:Light Gradient Boosting Machine Imported successfully
2026-05-16 10:05:50,605:INFO:Starting cross validation
2026-05-16 10:05:50,607:INFO:Cross validating with KFold(n_splits=3, random_state=None, shuffle=False), n_jobs=-1
2026-05-16 10:05:51,109:INFO:Calculating mean and std
2026-05-16 10:05:51,110:INFO:Creating metrics dataframe
2026-05-16 10:05:51,112:INFO:Uploading results into container
2026-05-16 10:05:51,113:INFO:Uploading model into container now
2026-05-16 10:05:51,113:INFO:_master_model_container: 17
2026-05-16 10:05:51,113:INFO:_display_container: 2
2026-05-16 10:05:51,114:INFO:LGBMRegressor(n_jobs=-1, random_state=42)
2026-05-16 10:05:51,114:INFO:create_model() successfully completed......................................
2026-05-16 10:05:51,293:INFO:SubProcess create_model() end ==================================
2026-05-16 10:05:51,294:INFO:Creating metrics dataframe
2026-05-16 10:05:51,304:INFO:Initializing Dummy Regressor
2026-05-16 10:05:51,305:INFO:Total runtime is 0.6142918388048807 minutes
2026-05-16 10:05:51,305:INFO:SubProcess create_model() called ==================================
2026-05-16 10:05:51,306:INFO:Initializing create_model()
2026-05-16 10:05:51,307:INFO:create_model(self=<pycaret.regression.oop.RegressionExperiment object at 0x0000025877E5F8E0>, estimator=dummy, fold=KFold(n_splits=3, random_state=None, shuffle=False), round=4, cross_validation=True, predict=True, fit_kwargs={}, groups=None, refit=False, probability_threshold=None, experiment_custom_tags=None, verbose=False, system=False, add_to_model_list=True, metrics=None, display=<pycaret.internal.display.display.CommonDisplay object at 0x0000025879D6A410>, model_only=True, return_train_score=False, error_score=0.0, kwargs={})
2026-05-16 10:05:51,307:INFO:Checking exceptions
2026-05-16 10:05:51,307:INFO:Importing libraries
2026-05-16 10:05:51,308:INFO:Copying training dataset
2026-05-16 10:05:51,333:INFO:Defining folds
2026-05-16 10:05:51,333:INFO:Declaring metric variables
2026-05-16 10:05:51,334:INFO:Importing untrained model
2026-05-16 10:05:51,334:INFO:Dummy Regressor Imported successfully
2026-05-16 10:05:51,335:INFO:Starting cross validation
2026-05-16 10:05:51,336:INFO:Cross validating with KFold(n_splits=3, random_state=None, shuffle=False), n_jobs=-1
2026-05-16 10:05:51,425:INFO:Calculating mean and std
2026-05-16 10:05:51,425:INFO:Creating metrics dataframe
2026-05-16 10:05:51,428:INFO:Uploading results into container
2026-05-16 10:05:51,429:INFO:Uploading model into container now
2026-05-16 10:05:51,430:INFO:_master_model_container: 18
2026-05-16 10:05:51,430:INFO:_display_container: 2
2026-05-16 10:05:51,430:INFO:DummyRegressor()
2026-05-16 10:05:51,430:INFO:create_model() successfully completed......................................
2026-05-16 10:05:51,611:INFO:SubProcess create_model() end ==================================
2026-05-16 10:05:51,611:INFO:Creating metrics dataframe
2026-05-16 10:05:51,625:WARNING:C:\Users\kesar\anaconda3\envs\myenv\lib\site-packages\pycaret\internal\pycaret_experiment\supervised_experiment.py:323: FutureWarning: Styler.applymap has been deprecated. Use Styler.map instead.
  master_display_.apply(

2026-05-16 10:05:51,630:INFO:Initializing create_model()
2026-05-16 10:05:51,630:INFO:create_model(self=<pycaret.regression.oop.RegressionExperiment object at 0x0000025877E5F8E0>, estimator=LGBMRegressor(n_jobs=-1, random_state=42), fold=KFold(n_splits=3, random_state=None, shuffle=False), round=4, cross_validation=False, predict=False, fit_kwargs={}, groups=None, refit=True, probability_threshold=None, experiment_custom_tags=None, verbose=False, system=False, add_to_model_list=True, metrics=None, display=None, model_only=True, return_train_score=False, error_score=0.0, kwargs={})
2026-05-16 10:05:51,632:INFO:Checking exceptions
2026-05-16 10:05:51,633:INFO:Importing libraries
2026-05-16 10:05:51,634:INFO:Copying training dataset
2026-05-16 10:05:51,660:INFO:Defining folds
2026-05-16 10:05:51,661:INFO:Declaring metric variables
2026-05-16 10:05:51,661:INFO:Importing untrained model
2026-05-16 10:05:51,662:INFO:Declaring custom model
2026-05-16 10:05:51,665:INFO:Light Gradient Boosting Machine Imported successfully
2026-05-16 10:05:51,667:INFO:Cross validation set to False
2026-05-16 10:05:51,667:INFO:Fitting Model
2026-05-16 10:05:51,818:INFO:LGBMRegressor(n_jobs=-1, random_state=42)
2026-05-16 10:05:51,818:INFO:create_model() successfully completed......................................
2026-05-16 10:05:51,984:INFO:_master_model_container: 18
2026-05-16 10:05:51,984:INFO:_display_container: 2
2026-05-16 10:05:51,985:INFO:LGBMRegressor(n_jobs=-1, random_state=42)
2026-05-16 10:05:51,985:INFO:compare_models() successfully completed......................................
2026-05-16 10:08:54,551:INFO:PyCaret ClassificationExperiment
2026-05-16 10:08:54,552:INFO:Logging name: clf-default-name
2026-05-16 10:08:54,552:INFO:ML Usecase: MLUsecase.CLASSIFICATION
2026-05-16 10:08:54,553:INFO:version 3.3.2
2026-05-16 10:08:54,553:INFO:Initializing setup()
2026-05-16 10:08:54,553:INFO:self.USI: 0e9e
2026-05-16 10:08:54,554:INFO:self._variable_keys: {'logging_param', 'exp_id', 'X_test', 'fold_groups_param', 'fold_shuffle_param', '_available_plots', '_ml_usecase', 'seed', 'y_test', 'y', 'pipeline', 'memory', 'exp_name_log', 'gpu_param', 'fix_imbalance', 'log_plots_param', 'X', 'gpu_n_jobs_param', 'target_param', 'fold_generator', 'X_train', 'y_train', 'data', 'USI', 'n_jobs_param', 'idx', 'is_multiclass', 'html_param'}
2026-05-16 10:08:54,554:INFO:Checking environment
2026-05-16 10:08:54,555:INFO:python_version: 3.10.11
2026-05-16 10:08:54,555:INFO:python_build: ('main', 'May 16 2023 00:55:32')
2026-05-16 10:08:54,555:INFO:machine: AMD64
2026-05-16 10:08:54,556:INFO:platform: Windows-10-10.0.26200-SP0
2026-05-16 10:08:54,556:INFO:Memory: svmem(total=8375230464, available=1783197696, percent=78.7, used=6592032768, free=1783197696)
2026-05-16 10:08:54,556:INFO:Physical Core: 4
2026-05-16 10:08:54,556:INFO:Logical Core: 8
2026-05-16 10:08:54,557:INFO:Checking libraries
2026-05-16 10:08:54,557:INFO:System:
2026-05-16 10:08:54,557:INFO:    python: 3.10.11 | packaged by Anaconda, Inc. | (main, May 16 2023, 00:55:32) [MSC v.1916 64 bit (AMD64)]
2026-05-16 10:08:54,558:INFO:executable: C:\Users\kesar\anaconda3\envs\myenv\python.exe
2026-05-16 10:08:54,558:INFO:   machine: Windows-10-10.0.26200-SP0
2026-05-16 10:08:54,559:INFO:PyCaret required dependencies:
2026-05-16 10:08:54,559:INFO:                 pip: 26.0.1
2026-05-16 10:08:54,559:INFO:          setuptools: 69.5.1
2026-05-16 10:08:54,559:INFO:             pycaret: 3.3.2
2026-05-16 10:08:54,560:INFO:             IPython: 8.39.0
2026-05-16 10:08:54,560:INFO:          ipywidgets: 8.1.8
2026-05-16 10:08:54,560:INFO:                tqdm: 4.67.3
2026-05-16 10:08:54,560:INFO:               numpy: 1.26.4
2026-05-16 10:08:54,560:INFO:              pandas: 2.1.4
2026-05-16 10:08:54,560:INFO:              jinja2: 3.1.6
2026-05-16 10:08:54,561:INFO:               scipy: 1.11.4
2026-05-16 10:08:54,561:INFO:              joblib: 1.3.2
2026-05-16 10:08:54,561:INFO:             sklearn: 1.4.2
2026-05-16 10:08:54,561:INFO:                pyod: 3.3.0
2026-05-16 10:08:54,562:INFO:            imblearn: 0.14.1
2026-05-16 10:08:54,562:INFO:   category_encoders: 2.7.0
2026-05-16 10:08:54,562:INFO:            lightgbm: 4.6.0
2026-05-16 10:08:54,563:INFO:               numba: 0.62.1
2026-05-16 10:08:54,563:INFO:            requests: 2.33.1
2026-05-16 10:08:54,563:INFO:          matplotlib: 3.7.5
2026-05-16 10:08:54,564:INFO:          scikitplot: 0.3.7
2026-05-16 10:08:54,564:INFO:         yellowbrick: 1.5
2026-05-16 10:08:54,564:INFO:              plotly: 6.7.0
2026-05-16 10:08:54,564:INFO:    plotly-resampler: Not installed
2026-05-16 10:08:54,564:INFO:             kaleido: 1.3.0
2026-05-16 10:08:54,564:INFO:           schemdraw: 0.15
2026-05-16 10:08:54,565:INFO:         statsmodels: 0.14.6
2026-05-16 10:08:54,565:INFO:              sktime: 0.26.0
2026-05-16 10:08:54,565:INFO:               tbats: 1.1.3
2026-05-16 10:08:54,567:INFO:            pmdarima: 2.0.4
2026-05-16 10:08:54,567:INFO:              psutil: 7.2.2
2026-05-16 10:08:54,567:INFO:          markupsafe: 3.0.3
2026-05-16 10:08:54,568:INFO:             pickle5: Not installed
2026-05-16 10:08:54,568:INFO:         cloudpickle: 3.1.2
2026-05-16 10:08:54,568:INFO:         deprecation: 2.1.0
2026-05-16 10:08:54,569:INFO:              xxhash: 3.7.0
2026-05-16 10:08:54,570:INFO:           wurlitzer: Not installed
2026-05-16 10:08:54,570:INFO:PyCaret optional dependencies:
2026-05-16 10:08:54,570:INFO:                shap: Not installed
2026-05-16 10:08:54,570:INFO:           interpret: Not installed
2026-05-16 10:08:54,571:INFO:                umap: Not installed
2026-05-16 10:08:54,571:INFO:     ydata_profiling: 4.18.4
2026-05-16 10:08:54,572:INFO:  explainerdashboard: Not installed
2026-05-16 10:08:54,572:INFO:             autoviz: Not installed
2026-05-16 10:08:54,573:INFO:           fairlearn: Not installed
2026-05-16 10:08:54,573:INFO:          deepchecks: Not installed
2026-05-16 10:08:54,573:INFO:             xgboost: 3.2.0
2026-05-16 10:08:54,574:INFO:            catboost: Not installed
2026-05-16 10:08:54,574:INFO:              kmodes: Not installed
2026-05-16 10:08:54,575:INFO:             mlxtend: Not installed
2026-05-16 10:08:54,575:INFO:       statsforecast: Not installed
2026-05-16 10:08:54,576:INFO:        tune_sklearn: Not installed
2026-05-16 10:08:54,576:INFO:                 ray: Not installed
2026-05-16 10:08:54,577:INFO:            hyperopt: Not installed
2026-05-16 10:08:54,577:INFO:              optuna: 4.8.0
2026-05-16 10:08:54,577:INFO:               skopt: Not installed
2026-05-16 10:08:54,578:INFO:              mlflow: Not installed
2026-05-16 10:08:54,578:INFO:              gradio: Not installed
2026-05-16 10:08:54,579:INFO:             fastapi: Not installed
2026-05-16 10:08:54,580:INFO:             uvicorn: 0.46.0
2026-05-16 10:08:54,580:INFO:              m2cgen: Not installed
2026-05-16 10:08:54,580:INFO:           evidently: Not installed
2026-05-16 10:08:54,580:INFO:               fugue: Not installed
2026-05-16 10:08:54,580:INFO:           streamlit: 1.57.0
2026-05-16 10:08:54,580:INFO:             prophet: Not installed
2026-05-16 10:08:54,581:INFO:None
2026-05-16 10:08:54,581:INFO:Set up data.
2026-05-16 10:08:54,595:INFO:Set up folding strategy.
2026-05-16 10:08:54,596:INFO:Set up train/test split.
2026-05-16 10:08:54,611:INFO:Set up index.
2026-05-16 10:08:54,612:INFO:Assigning column types.
2026-05-16 10:08:54,621:INFO:Engine successfully changes for model 'lr' to 'sklearn'.
2026-05-16 10:08:54,737:INFO:Engine for model 'knn' has not been set explicitly, hence returning None.
2026-05-16 10:08:54,740:INFO:Engine for model 'rbfsvm' has not been set explicitly, hence returning None.
2026-05-16 10:08:54,822:INFO:Soft dependency imported: xgboost: 3.2.0
2026-05-16 10:08:54,829:WARNING:
'catboost' is a soft dependency and not included in the pycaret installation. Please run: `pip install catboost` to install.
Alternately, you can install this by running `pip install pycaret[models]`
2026-05-16 10:08:54,910:INFO:Engine for model 'knn' has not been set explicitly, hence returning None.
2026-05-16 10:08:54,912:INFO:Engine for model 'rbfsvm' has not been set explicitly, hence returning None.
2026-05-16 10:08:54,986:INFO:Soft dependency imported: xgboost: 3.2.0
2026-05-16 10:08:54,994:WARNING:
'catboost' is a soft dependency and not included in the pycaret installation. Please run: `pip install catboost` to install.
Alternately, you can install this by running `pip install pycaret[models]`
2026-05-16 10:08:54,995:INFO:Engine successfully changes for model 'knn' to 'sklearn'.
2026-05-16 10:08:55,101:INFO:Engine for model 'rbfsvm' has not been set explicitly, hence returning None.
2026-05-16 10:08:55,162:INFO:Soft dependency imported: xgboost: 3.2.0
2026-05-16 10:08:55,165:WARNING:
'catboost' is a soft dependency and not included in the pycaret installation. Please run: `pip install catboost` to install.
Alternately, you can install this by running `pip install pycaret[models]`
2026-05-16 10:08:55,276:INFO:Engine for model 'rbfsvm' has not been set explicitly, hence returning None.
2026-05-16 10:08:55,352:INFO:Soft dependency imported: xgboost: 3.2.0
2026-05-16 10:08:55,358:WARNING:
'catboost' is a soft dependency and not included in the pycaret installation. Please run: `pip install catboost` to install.
Alternately, you can install this by running `pip install pycaret[models]`
2026-05-16 10:08:55,360:INFO:Engine successfully changes for model 'rbfsvm' to 'sklearn'.
2026-05-16 10:08:55,519:INFO:Soft dependency imported: xgboost: 3.2.0
2026-05-16 10:08:55,522:WARNING:
'catboost' is a soft dependency and not included in the pycaret installation. Please run: `pip install catboost` to install.
Alternately, you can install this by running `pip install pycaret[models]`
2026-05-16 10:08:55,700:INFO:Soft dependency imported: xgboost: 3.2.0
2026-05-16 10:08:55,707:WARNING:
'catboost' is a soft dependency and not included in the pycaret installation. Please run: `pip install catboost` to install.
Alternately, you can install this by running `pip install pycaret[models]`
2026-05-16 10:08:55,711:INFO:Preparing preprocessing pipeline...
2026-05-16 10:08:55,714:INFO:Set up label encoding.
2026-05-16 10:08:55,715:INFO:Set up simple imputation.
2026-05-16 10:08:55,780:INFO:Finished creating preprocessing pipeline.
2026-05-16 10:08:55,790:INFO:Pipeline: Pipeline(memory=FastMemory(location=C:\Users\kesar\AppData\Local\Temp\joblib),
         steps=[('label_encoding',
                 TransformerWrapperWithInverse(exclude=None, include=None,
                                               transformer=LabelEncoder())),
                ('numerical_imputer',
                 TransformerWrapper(exclude=None,
                                    include=['Id', 'SepalLengthCm',
                                             'SepalWidthCm', 'PetalLengthCm',
                                             'PetalWidthCm'],
                                    transformer=SimpleImputer(add_indicator=False,
                                                              copy=True,
                                                              fill_value=None,
                                                              keep_empty_features=False,
                                                              missing_values=nan,
                                                              strategy='mean'))),
                ('categorical_imputer',
                 TransformerWrapper(exclude=None, include=[],
                                    transformer=SimpleImputer(add_indicator=False,
                                                              copy=True,
                                                              fill_value=None,
                                                              keep_empty_features=False,
                                                              missing_values=nan,
                                                              strategy='most_frequent')))],
         verbose=False)
2026-05-16 10:08:55,790:INFO:Creating final display dataframe.
2026-05-16 10:08:55,999:INFO:Setup _display_container:                     Description                                              Value
0                    Session id                                                 42
1                        Target                                            Species
2                   Target type                                         Multiclass
3                Target mapping  Iris-setosa: 0, Iris-versicolor: 1, Iris-virgi...
4           Original data shape                                           (150, 6)
5        Transformed data shape                                           (150, 6)
6   Transformed train set shape                                           (112, 6)
7    Transformed test set shape                                            (38, 6)
8              Numeric features                                                  5
9                    Preprocess                                               True
10              Imputation type                                             simple
11           Numeric imputation                                               mean
12       Categorical imputation                                               mode
13               Fold Generator                                    StratifiedKFold
14                  Fold Number                                                  3
15                     CPU Jobs                                                 -1
16                      Use GPU                                              False
17               Log Experiment                                              False
18              Experiment Name                                   clf-default-name
19                          USI                                               0e9e
2026-05-16 10:08:56,185:INFO:Soft dependency imported: xgboost: 3.2.0
2026-05-16 10:08:56,189:WARNING:
'catboost' is a soft dependency and not included in the pycaret installation. Please run: `pip install catboost` to install.
Alternately, you can install this by running `pip install pycaret[models]`
2026-05-16 10:08:56,326:INFO:Soft dependency imported: xgboost: 3.2.0
2026-05-16 10:08:56,331:WARNING:
'catboost' is a soft dependency and not included in the pycaret installation. Please run: `pip install catboost` to install.
Alternately, you can install this by running `pip install pycaret[models]`
2026-05-16 10:08:56,335:INFO:setup() successfully completed in 1.81s...............
2026-05-16 10:08:56,335:INFO:Initializing compare_models()
2026-05-16 10:08:56,335:INFO:compare_models(self=<pycaret.classification.oop.ClassificationExperiment object at 0x000002587D18E7A0>, include=None, fold=None, round=4, cross_validation=True, sort=Accuracy, n_select=1, budget_time=None, turbo=True, errors=ignore, fit_kwargs=None, groups=None, experiment_custom_tags=None, probability_threshold=None, verbose=False, parallel=None, caller_params={'self': <pycaret.classification.oop.ClassificationExperiment object at 0x000002587D18E7A0>, 'include': None, 'exclude': None, 'fold': None, 'round': 4, 'cross_validation': True, 'sort': 'Accuracy', 'n_select': 1, 'budget_time': None, 'turbo': True, 'errors': 'ignore', 'fit_kwargs': None, 'groups': None, 'experiment_custom_tags': None, 'probability_threshold': None, 'engine': None, 'verbose': False, 'parallel': None, '__class__': <class 'pycaret.classification.oop.ClassificationExperiment'>}, exclude=None)
2026-05-16 10:08:56,335:INFO:Checking exceptions
2026-05-16 10:08:56,344:INFO:Preparing display monitor
2026-05-16 10:08:56,347:INFO:Initializing Logistic Regression
2026-05-16 10:08:56,348:INFO:Total runtime is 1.6951560974121092e-05 minutes
2026-05-16 10:08:56,349:INFO:SubProcess create_model() called ==================================
2026-05-16 10:08:56,349:INFO:Initializing create_model()
2026-05-16 10:08:56,350:INFO:create_model(self=<pycaret.classification.oop.ClassificationExperiment object at 0x000002587D18E7A0>, estimator=lr, fold=StratifiedKFold(n_splits=3, random_state=None, shuffle=False), round=4, cross_validation=True, predict=True, fit_kwargs={}, groups=None, refit=False, probability_threshold=None, experiment_custom_tags=None, verbose=False, system=False, add_to_model_list=True, metrics=None, display=<pycaret.internal.display.display.CommonDisplay object at 0x000002587D20F640>, model_only=True, return_train_score=False, error_score=0.0, kwargs={})
2026-05-16 10:08:56,350:INFO:Checking exceptions
2026-05-16 10:08:56,351:INFO:Importing libraries
2026-05-16 10:08:56,351:INFO:Copying training dataset
2026-05-16 10:08:56,360:INFO:Defining folds
2026-05-16 10:08:56,361:INFO:Declaring metric variables
2026-05-16 10:08:56,361:INFO:Importing untrained model
2026-05-16 10:08:56,362:INFO:Logistic Regression Imported successfully
2026-05-16 10:08:56,364:INFO:Starting cross validation
2026-05-16 10:08:56,365:INFO:Cross validating with StratifiedKFold(n_splits=3, random_state=None, shuffle=False), n_jobs=-1
2026-05-16 10:08:56,481:WARNING:C:\Users\kesar\anaconda3\envs\myenv\lib\site-packages\pycaret\internal\metrics.py:204: FitFailedWarning: Metric 'make_scorer(roc_auc_score, response_method=('decision_function', 'predict_proba'), average=weighted, multi_class=ovr)' failed and error score 0.0 has been returned instead. If this is a custom metric, this usually means that the error is in the metric code. Full exception below:
Traceback (most recent call last):
  File "C:\Users\kesar\anaconda3\envs\myenv\lib\site-packages\pycaret\internal\metrics.py", line 196, in _score
    return super()._score(
  File "C:\Users\kesar\anaconda3\envs\myenv\lib\site-packages\sklearn\metrics\_scorer.py", line 350, in _score
    return self._sign * self._score_func(y_true, y_pred, **scoring_kwargs)
  File "C:\Users\kesar\anaconda3\envs\myenv\lib\site-packages\pycaret\internal\metrics.py", line 144, in __call__
    return self.score_func(y_true, y_pred, **kwargs)
  File "C:\Users\kesar\anaconda3\envs\myenv\lib\site-packages\sklearn\utils\_param_validation.py", line 213, in wrapper
    return func(*args, **kwargs)
  File "C:\Users\kesar\anaconda3\envs\myenv\lib\site-packages\sklearn\metrics\_ranking.py", line 634, in roc_auc_score
    return _multiclass_roc_auc_score(
  File "C:\Users\kesar\anaconda3\envs\myenv\lib\site-packages\sklearn\metrics\_ranking.py", line 707, in _multiclass_roc_auc_score
    raise ValueError(
ValueError: Target scores need to be probabilities for multiclass roc_auc, i.e. they should sum up to 1.0 over classes

  warnings.warn(

2026-05-16 10:08:56,485:WARNING:C:\Users\kesar\anaconda3\envs\myenv\lib\site-packages\sklearn\metrics\_classification.py:1561: UserWarning: Note that pos_label (set to 'Iris-virginica') is ignored when average != 'binary' (got 'weighted'). You may use labels=[pos_label] to specify a single positive class.
  warnings.warn(

2026-05-16 10:08:56,489:WARNING:C:\Users\kesar\anaconda3\envs\myenv\lib\site-packages\sklearn\metrics\_classification.py:1561: UserWarning: Note that pos_label (set to 'Iris-virginica') is ignored when average != 'binary' (got 'weighted'). You may use labels=[pos_label] to specify a single positive class.
  warnings.warn(

2026-05-16 10:08:56,495:WARNING:C:\Users\kesar\anaconda3\envs\myenv\lib\site-packages\sklearn\metrics\_classification.py:1561: UserWarning: Note that pos_label (set to 'Iris-virginica') is ignored when average != 'binary' (got 'weighted'). You may use labels=[pos_label] to specify a single positive class.
  warnings.warn(

2026-05-16 10:08:56,495:WARNING:C:\Users\kesar\anaconda3\envs\myenv\lib\site-packages\pycaret\internal\metrics.py:204: FitFailedWarning: Metric 'make_scorer(roc_auc_score, response_method=('decision_function', 'predict_proba'), average=weighted, multi_class=ovr)' failed and error score 0.0 has been returned instead. If this is a custom metric, this usually means that the error is in the metric code. Full exception below:
Traceback (most recent call last):
  File "C:\Users\kesar\anaconda3\envs\myenv\lib\site-packages\pycaret\internal\metrics.py", line 196, in _score
    return super()._score(
  File "C:\Users\kesar\anaconda3\envs\myenv\lib\site-packages\sklearn\metrics\_scorer.py", line 350, in _score
    return self._sign * self._score_func(y_true, y_pred, **scoring_kwargs)
  File "C:\Users\kesar\anaconda3\envs\myenv\lib\site-packages\pycaret\internal\metrics.py", line 144, in __call__
    return self.score_func(y_true, y_pred, **kwargs)
  File "C:\Users\kesar\anaconda3\envs\myenv\lib\site-packages\sklearn\utils\_param_validation.py", line 213, in wrapper
    return func(*args, **kwargs)
  File "C:\Users\kesar\anaconda3\envs\myenv\lib\site-packages\sklearn\metrics\_ranking.py", line 634, in roc_auc_score
    return _multiclass_roc_auc_score(
  File "C:\Users\kesar\anaconda3\envs\myenv\lib\site-packages\sklearn\metrics\_ranking.py", line 707, in _multiclass_roc_auc_score
    raise ValueError(
ValueError: Target scores need to be probabilities for multiclass roc_auc, i.e. they should sum up to 1.0 over classes

  warnings.warn(

2026-05-16 10:08:56,502:WARNING:C:\Users\kesar\anaconda3\envs\myenv\lib\site-packages\sklearn\metrics\_classification.py:1561: UserWarning: Note that pos_label (set to 'Iris-virginica') is ignored when average != 'binary' (got 'weighted'). You may use labels=[pos_label] to specify a single positive class.
  warnings.warn(

2026-05-16 10:08:56,507:WARNING:C:\Users\kesar\anaconda3\envs\myenv\lib\site-packages\sklearn\metrics\_classification.py:1561: UserWarning: Note that pos_label (set to 'Iris-virginica') is ignored when average != 'binary' (got 'weighted'). You may use labels=[pos_label] to specify a single positive class.
  warnings.warn(

2026-05-16 10:08:56,513:WARNING:C:\Users\kesar\anaconda3\envs\myenv\lib\site-packages\sklearn\metrics\_classification.py:1561: UserWarning: Note that pos_label (set to 'Iris-virginica') is ignored when average != 'binary' (got 'weighted'). You may use labels=[pos_label] to specify a single positive class.
  warnings.warn(

2026-05-16 10:08:56,514:WARNING:C:\Users\kesar\anaconda3\envs\myenv\lib\site-packages\pycaret\internal\metrics.py:204: FitFailedWarning: Metric 'make_scorer(roc_auc_score, response_method=('decision_function', 'predict_proba'), average=weighted, multi_class=ovr)' failed and error score 0.0 has been returned instead. If this is a custom metric, this usually means that the error is in the metric code. Full exception below:
Traceback (most recent call last):
  File "C:\Users\kesar\anaconda3\envs\myenv\lib\site-packages\pycaret\internal\metrics.py", line 196, in _score
    return super()._score(
  File "C:\Users\kesar\anaconda3\envs\myenv\lib\site-packages\sklearn\metrics\_scorer.py", line 350, in _score
    return self._sign * self._score_func(y_true, y_pred, **scoring_kwargs)
  File "C:\Users\kesar\anaconda3\envs\myenv\lib\site-packages\pycaret\internal\metrics.py", line 144, in __call__
    return self.score_func(y_true, y_pred, **kwargs)
  File "C:\Users\kesar\anaconda3\envs\myenv\lib\site-packages\sklearn\utils\_param_validation.py", line 213, in wrapper
    return func(*args, **kwargs)
  File "C:\Users\kesar\anaconda3\envs\myenv\lib\site-packages\sklearn\metrics\_ranking.py", line 634, in roc_auc_score
    return _multiclass_roc_auc_score(
  File "C:\Users\kesar\anaconda3\envs\myenv\lib\site-packages\sklearn\metrics\_ranking.py", line 707, in _multiclass_roc_auc_score
    raise ValueError(
ValueError: Target scores need to be probabilities for multiclass roc_auc, i.e. they should sum up to 1.0 over classes

  warnings.warn(

2026-05-16 10:08:56,517:WARNING:C:\Users\kesar\anaconda3\envs\myenv\lib\site-packages\sklearn\metrics\_classification.py:1561: UserWarning: Note that pos_label (set to 'Iris-virginica') is ignored when average != 'binary' (got 'weighted'). You may use labels=[pos_label] to specify a single positive class.
  warnings.warn(

2026-05-16 10:08:56,522:WARNING:C:\Users\kesar\anaconda3\envs\myenv\lib\site-packages\sklearn\metrics\_classification.py:1561: UserWarning: Note that pos_label (set to 'Iris-virginica') is ignored when average != 'binary' (got 'weighted'). You may use labels=[pos_label] to specify a single positive class.
  warnings.warn(

2026-05-16 10:08:56,524:WARNING:C:\Users\kesar\anaconda3\envs\myenv\lib\site-packages\sklearn\metrics\_classification.py:1561: UserWarning: Note that pos_label (set to 'Iris-virginica') is ignored when average != 'binary' (got 'weighted'). You may use labels=[pos_label] to specify a single positive class.
  warnings.warn(

2026-05-16 10:08:56,542:INFO:Calculating mean and std
2026-05-16 10:08:56,543:INFO:Creating metrics dataframe
2026-05-16 10:08:56,547:INFO:Uploading results into container
2026-05-16 10:08:56,548:INFO:Uploading model into container now
2026-05-16 10:08:56,549:INFO:_master_model_container: 1
2026-05-16 10:08:56,549:INFO:_display_container: 2
2026-05-16 10:08:56,550:INFO:LogisticRegression(C=1.0, class_weight=None, dual=False, fit_intercept=True,
                   intercept_scaling=1, l1_ratio=None, max_iter=1000,
                   multi_class='auto', n_jobs=None, penalty='l2',
                   random_state=42, solver='lbfgs', tol=0.0001, verbose=0,
                   warm_start=False)
2026-05-16 10:08:56,551:INFO:create_model() successfully completed......................................
2026-05-16 10:08:56,707:INFO:SubProcess create_model() end ==================================
2026-05-16 10:08:56,707:INFO:Creating metrics dataframe
2026-05-16 10:08:56,712:INFO:Initializing K Neighbors Classifier
2026-05-16 10:08:56,713:INFO:Total runtime is 0.006101985772450765 minutes
2026-05-16 10:08:56,713:INFO:SubProcess create_model() called ==================================
2026-05-16 10:08:56,714:INFO:Initializing create_model()
2026-05-16 10:08:56,714:INFO:create_model(self=<pycaret.classification.oop.ClassificationExperiment object at 0x000002587D18E7A0>, estimator=knn, fold=StratifiedKFold(n_splits=3, random_state=None, shuffle=False), round=4, cross_validation=True, predict=True, fit_kwargs={}, groups=None, refit=False, probability_threshold=None, experiment_custom_tags=None, verbose=False, system=False, add_to_model_list=True, metrics=None, display=<pycaret.internal.display.display.CommonDisplay object at 0x000002587D20F640>, model_only=True, return_train_score=False, error_score=0.0, kwargs={})
2026-05-16 10:08:56,714:INFO:Checking exceptions
2026-05-16 10:08:56,715:INFO:Importing libraries
2026-05-16 10:08:56,715:INFO:Copying training dataset
2026-05-16 10:08:56,722:INFO:Defining folds
2026-05-16 10:08:56,723:INFO:Declaring metric variables
2026-05-16 10:08:56,723:INFO:Importing untrained model
2026-05-16 10:08:56,724:INFO:K Neighbors Classifier Imported successfully
2026-05-16 10:08:56,725:INFO:Starting cross validation
2026-05-16 10:08:56,726:INFO:Cross validating with StratifiedKFold(n_splits=3, random_state=None, shuffle=False), n_jobs=-1
2026-05-16 10:08:56,860:WARNING:C:\Users\kesar\anaconda3\envs\myenv\lib\site-packages\sklearn\metrics\_classification.py:1561: UserWarning: Note that pos_label (set to 'Iris-virginica') is ignored when average != 'binary' (got 'weighted'). You may use labels=[pos_label] to specify a single positive class.
  warnings.warn(

2026-05-16 10:08:56,860:WARNING:C:\Users\kesar\anaconda3\envs\myenv\lib\site-packages\sklearn\metrics\_classification.py:1561: UserWarning: Note that pos_label (set to 'Iris-virginica') is ignored when average != 'binary' (got 'weighted'). You may use labels=[pos_label] to specify a single positive class.
  warnings.warn(

2026-05-16 10:08:56,864:WARNING:C:\Users\kesar\anaconda3\envs\myenv\lib\site-packages\sklearn\metrics\_classification.py:1561: UserWarning: Note that pos_label (set to 'Iris-virginica') is ignored when average != 'binary' (got 'weighted'). You may use labels=[pos_label] to specify a single positive class.
  warnings.warn(

2026-05-16 10:08:56,868:WARNING:C:\Users\kesar\anaconda3\envs\myenv\lib\site-packages\sklearn\metrics\_classification.py:1561: UserWarning: Note that pos_label (set to 'Iris-virginica') is ignored when average != 'binary' (got 'weighted'). You may use labels=[pos_label] to specify a single positive class.
  warnings.warn(

2026-05-16 10:08:56,868:WARNING:C:\Users\kesar\anaconda3\envs\myenv\lib\site-packages\sklearn\metrics\_classification.py:1561: UserWarning: Note that pos_label (set to 'Iris-virginica') is ignored when average != 'binary' (got 'weighted'). You may use labels=[pos_label] to specify a single positive class.
  warnings.warn(

2026-05-16 10:08:56,874:WARNING:C:\Users\kesar\anaconda3\envs\myenv\lib\site-packages\sklearn\metrics\_classification.py:1561: UserWarning: Note that pos_label (set to 'Iris-virginica') is ignored when average != 'binary' (got 'weighted'). You may use labels=[pos_label] to specify a single positive class.
  warnings.warn(

2026-05-16 10:08:56,879:WARNING:C:\Users\kesar\anaconda3\envs\myenv\lib\site-packages\sklearn\metrics\_classification.py:1561: UserWarning: Note that pos_label (set to 'Iris-virginica') is ignored when average != 'binary' (got 'weighted'). You may use labels=[pos_label] to specify a single positive class.
  warnings.warn(

2026-05-16 10:08:56,882:WARNING:C:\Users\kesar\anaconda3\envs\myenv\lib\site-packages\sklearn\metrics\_classification.py:1561: UserWarning: Note that pos_label (set to 'Iris-virginica') is ignored when average != 'binary' (got 'weighted'). You may use labels=[pos_label] to specify a single positive class.
  warnings.warn(

2026-05-16 10:08:56,891:INFO:Calculating mean and std
2026-05-16 10:08:56,892:INFO:Creating metrics dataframe
2026-05-16 10:08:56,895:INFO:Uploading results into container
2026-05-16 10:08:56,895:INFO:Uploading model into container now
2026-05-16 10:08:56,896:INFO:_master_model_container: 2
2026-05-16 10:08:56,896:INFO:_display_container: 2
2026-05-16 10:08:56,896:INFO:KNeighborsClassifier(algorithm='auto', leaf_size=30, metric='minkowski',
                     metric_params=None, n_jobs=-1, n_neighbors=5, p=2,
                     weights='uniform')
2026-05-16 10:08:56,896:INFO:create_model() successfully completed......................................
2026-05-16 10:08:57,082:INFO:SubProcess create_model() end ==================================
2026-05-16 10:08:57,083:INFO:Creating metrics dataframe
2026-05-16 10:08:57,093:INFO:Initializing Naive Bayes
2026-05-16 10:08:57,093:INFO:Total runtime is 0.012427985668182373 minutes
2026-05-16 10:08:57,093:INFO:SubProcess create_model() called ==================================
2026-05-16 10:08:57,094:INFO:Initializing create_model()
2026-05-16 10:08:57,094:INFO:create_model(self=<pycaret.classification.oop.ClassificationExperiment object at 0x000002587D18E7A0>, estimator=nb, fold=StratifiedKFold(n_splits=3, random_state=None, shuffle=False), round=4, cross_validation=True, predict=True, fit_kwargs={}, groups=None, refit=False, probability_threshold=None, experiment_custom_tags=None, verbose=False, system=False, add_to_model_list=True, metrics=None, display=<pycaret.internal.display.display.CommonDisplay object at 0x000002587D20F640>, model_only=True, return_train_score=False, error_score=0.0, kwargs={})
2026-05-16 10:08:57,094:INFO:Checking exceptions
2026-05-16 10:08:57,095:INFO:Importing libraries
2026-05-16 10:08:57,095:INFO:Copying training dataset
2026-05-16 10:08:57,104:INFO:Defining folds
2026-05-16 10:08:57,104:INFO:Declaring metric variables
2026-05-16 10:08:57,104:INFO:Importing untrained model
2026-05-16 10:08:57,105:INFO:Naive Bayes Imported successfully
2026-05-16 10:08:57,106:INFO:Starting cross validation
2026-05-16 10:08:57,108:INFO:Cross validating with StratifiedKFold(n_splits=3, random_state=None, shuffle=False), n_jobs=-1
2026-05-16 10:08:57,164:WARNING:C:\Users\kesar\anaconda3\envs\myenv\lib\site-packages\sklearn\metrics\_classification.py:1561: UserWarning: Note that pos_label (set to 'Iris-virginica') is ignored when average != 'binary' (got 'weighted'). You may use labels=[pos_label] to specify a single positive class.
  warnings.warn(

2026-05-16 10:08:57,164:WARNING:C:\Users\kesar\anaconda3\envs\myenv\lib\site-packages\sklearn\metrics\_classification.py:1561: UserWarning: Note that pos_label (set to 'Iris-virginica') is ignored when average != 'binary' (got 'weighted'). You may use labels=[pos_label] to specify a single positive class.
  warnings.warn(

2026-05-16 10:08:57,168:WARNING:C:\Users\kesar\anaconda3\envs\myenv\lib\site-packages\sklearn\metrics\_classification.py:1561: UserWarning: Note that pos_label (set to 'Iris-virginica') is ignored when average != 'binary' (got 'weighted'). You may use labels=[pos_label] to specify a single positive class.
  warnings.warn(

2026-05-16 10:08:57,169:WARNING:C:\Users\kesar\anaconda3\envs\myenv\lib\site-packages\sklearn\metrics\_classification.py:1561: UserWarning: Note that pos_label (set to 'Iris-virginica') is ignored when average != 'binary' (got 'weighted'). You may use labels=[pos_label] to specify a single positive class.
  warnings.warn(

2026-05-16 10:08:57,170:WARNING:C:\Users\kesar\anaconda3\envs\myenv\lib\site-packages\sklearn\metrics\_classification.py:1561: UserWarning: Note that pos_label (set to 'Iris-virginica') is ignored when average != 'binary' (got 'weighted'). You may use labels=[pos_label] to specify a single positive class.
  warnings.warn(

2026-05-16 10:08:57,171:WARNING:C:\Users\kesar\anaconda3\envs\myenv\lib\site-packages\sklearn\metrics\_classification.py:1561: UserWarning: Note that pos_label (set to 'Iris-virginica') is ignored when average != 'binary' (got 'weighted'). You may use labels=[pos_label] to specify a single positive class.
  warnings.warn(

2026-05-16 10:08:57,176:WARNING:C:\Users\kesar\anaconda3\envs\myenv\lib\site-packages\sklearn\metrics\_classification.py:1561: UserWarning: Note that pos_label (set to 'Iris-virginica') is ignored when average != 'binary' (got 'weighted'). You may use labels=[pos_label] to specify a single positive class.
  warnings.warn(

2026-05-16 10:08:57,176:WARNING:C:\Users\kesar\anaconda3\envs\myenv\lib\site-packages\sklearn\metrics\_classification.py:1561: UserWarning: Note that pos_label (set to 'Iris-virginica') is ignored when average != 'binary' (got 'weighted'). You may use labels=[pos_label] to specify a single positive class.
  warnings.warn(

2026-05-16 10:08:57,182:WARNING:C:\Users\kesar\anaconda3\envs\myenv\lib\site-packages\sklearn\metrics\_classification.py:1561: UserWarning: Note that pos_label (set to 'Iris-virginica') is ignored when average != 'binary' (got 'weighted'). You may use labels=[pos_label] to specify a single positive class.
  warnings.warn(

2026-05-16 10:08:57,190:INFO:Calculating mean and std
2026-05-16 10:08:57,191:INFO:Creating metrics dataframe
2026-05-16 10:08:57,194:INFO:Uploading results into container
2026-05-16 10:08:57,195:INFO:Uploading model into container now
2026-05-16 10:08:57,196:INFO:_master_model_container: 3
2026-05-16 10:08:57,196:INFO:_display_container: 2
2026-05-16 10:08:57,196:INFO:GaussianNB(priors=None, var_smoothing=1e-09)
2026-05-16 10:08:57,196:INFO:create_model() successfully completed......................................
2026-05-16 10:08:57,340:INFO:SubProcess create_model() end ==================================
2026-05-16 10:08:57,341:INFO:Creating metrics dataframe
2026-05-16 10:08:57,349:INFO:Initializing Decision Tree Classifier
2026-05-16 10:08:57,349:INFO:Total runtime is 0.016693544387817384 minutes
2026-05-16 10:08:57,350:INFO:SubProcess create_model() called ==================================
2026-05-16 10:08:57,351:INFO:Initializing create_model()
2026-05-16 10:08:57,351:INFO:create_model(self=<pycaret.classification.oop.ClassificationExperiment object at 0x000002587D18E7A0>, estimator=dt, fold=StratifiedKFold(n_splits=3, random_state=None, shuffle=False), round=4, cross_validation=True, predict=True, fit_kwargs={}, groups=None, refit=False, probability_threshold=None, experiment_custom_tags=None, verbose=False, system=False, add_to_model_list=True, metrics=None, display=<pycaret.internal.display.display.CommonDisplay object at 0x000002587D20F640>, model_only=True, return_train_score=False, error_score=0.0, kwargs={})
2026-05-16 10:08:57,351:INFO:Checking exceptions
2026-05-16 10:08:57,351:INFO:Importing libraries
2026-05-16 10:08:57,351:INFO:Copying training dataset
2026-05-16 10:08:57,361:INFO:Defining folds
2026-05-16 10:08:57,361:INFO:Declaring metric variables
2026-05-16 10:08:57,362:INFO:Importing untrained model
2026-05-16 10:08:57,363:INFO:Decision Tree Classifier Imported successfully
2026-05-16 10:08:57,363:INFO:Starting cross validation
2026-05-16 10:08:57,365:INFO:Cross validating with StratifiedKFold(n_splits=3, random_state=None, shuffle=False), n_jobs=-1
2026-05-16 10:08:57,433:WARNING:C:\Users\kesar\anaconda3\envs\myenv\lib\site-packages\sklearn\metrics\_classification.py:1561: UserWarning: Note that pos_label (set to 'Iris-virginica') is ignored when average != 'binary' (got 'weighted'). You may use labels=[pos_label] to specify a single positive class.
  warnings.warn(

2026-05-16 10:08:57,436:WARNING:C:\Users\kesar\anaconda3\envs\myenv\lib\site-packages\sklearn\metrics\_classification.py:1561: UserWarning: Note that pos_label (set to 'Iris-virginica') is ignored when average != 'binary' (got 'weighted'). You may use labels=[pos_label] to specify a single positive class.
  warnings.warn(

2026-05-16 10:08:57,437:WARNING:C:\Users\kesar\anaconda3\envs\myenv\lib\site-packages\sklearn\metrics\_classification.py:1561: UserWarning: Note that pos_label (set to 'Iris-virginica') is ignored when average != 'binary' (got 'weighted'). You may use labels=[pos_label] to specify a single positive class.
  warnings.warn(

2026-05-16 10:08:57,439:WARNING:C:\Users\kesar\anaconda3\envs\myenv\lib\site-packages\sklearn\metrics\_classification.py:1561: UserWarning: Note that pos_label (set to 'Iris-virginica') is ignored when average != 'binary' (got 'weighted'). You may use labels=[pos_label] to specify a single positive class.
  warnings.warn(

2026-05-16 10:08:57,439:WARNING:C:\Users\kesar\anaconda3\envs\myenv\lib\site-packages\sklearn\metrics\_classification.py:1561: UserWarning: Note that pos_label (set to 'Iris-virginica') is ignored when average != 'binary' (got 'weighted'). You may use labels=[pos_label] to specify a single positive class.
  warnings.warn(

2026-05-16 10:08:57,443:WARNING:C:\Users\kesar\anaconda3\envs\myenv\lib\site-packages\sklearn\metrics\_classification.py:1561: UserWarning: Note that pos_label (set to 'Iris-virginica') is ignored when average != 'binary' (got 'weighted'). You may use labels=[pos_label] to specify a single positive class.
  warnings.warn(

2026-05-16 10:08:57,444:WARNING:C:\Users\kesar\anaconda3\envs\myenv\lib\site-packages\sklearn\metrics\_classification.py:1561: UserWarning: Note that pos_label (set to 'Iris-virginica') is ignored when average != 'binary' (got 'weighted'). You may use labels=[pos_label] to specify a single positive class.
  warnings.warn(

2026-05-16 10:08:57,448:WARNING:C:\Users\kesar\anaconda3\envs\myenv\lib\site-packages\sklearn\metrics\_classification.py:1561: UserWarning: Note that pos_label (set to 'Iris-virginica') is ignored when average != 'binary' (got 'weighted'). You may use labels=[pos_label] to specify a single positive class.
  warnings.warn(

2026-05-16 10:08:57,449:WARNING:C:\Users\kesar\anaconda3\envs\myenv\lib\site-packages\sklearn\metrics\_classification.py:1561: UserWarning: Note that pos_label (set to 'Iris-virginica') is ignored when average != 'binary' (got 'weighted'). You may use labels=[pos_label] to specify a single positive class.
  warnings.warn(

2026-05-16 10:08:57,460:INFO:Calculating mean and std
2026-05-16 10:08:57,460:INFO:Creating metrics dataframe
2026-05-16 10:08:57,463:INFO:Uploading results into container
2026-05-16 10:08:57,464:INFO:Uploading model into container now
2026-05-16 10:08:57,465:INFO:_master_model_container: 4
2026-05-16 10:08:57,465:INFO:_display_container: 2
2026-05-16 10:08:57,465:INFO:DecisionTreeClassifier(ccp_alpha=0.0, class_weight=None, criterion='gini',
                       max_depth=None, max_features=None, max_leaf_nodes=None,
                       min_impurity_decrease=0.0, min_samples_leaf=1,
                       min_samples_split=2, min_weight_fraction_leaf=0.0,
                       monotonic_cst=None, random_state=42, splitter='best')
2026-05-16 10:08:57,466:INFO:create_model() successfully completed......................................
2026-05-16 10:08:57,598:INFO:SubProcess create_model() end ==================================
2026-05-16 10:08:57,599:INFO:Creating metrics dataframe
2026-05-16 10:08:57,602:INFO:Initializing SVM - Linear Kernel
2026-05-16 10:08:57,602:INFO:Total runtime is 0.020908021926879884 minutes
2026-05-16 10:08:57,603:INFO:SubProcess create_model() called ==================================
2026-05-16 10:08:57,603:INFO:Initializing create_model()
2026-05-16 10:08:57,604:INFO:create_model(self=<pycaret.classification.oop.ClassificationExperiment object at 0x000002587D18E7A0>, estimator=svm, fold=StratifiedKFold(n_splits=3, random_state=None, shuffle=False), round=4, cross_validation=True, predict=True, fit_kwargs={}, groups=None, refit=False, probability_threshold=None, experiment_custom_tags=None, verbose=False, system=False, add_to_model_list=True, metrics=None, display=<pycaret.internal.display.display.CommonDisplay object at 0x000002587D20F640>, model_only=True, return_train_score=False, error_score=0.0, kwargs={})
2026-05-16 10:08:57,604:INFO:Checking exceptions
2026-05-16 10:08:57,605:INFO:Importing libraries
2026-05-16 10:08:57,606:INFO:Copying training dataset
2026-05-16 10:08:57,614:INFO:Defining folds
2026-05-16 10:08:57,615:INFO:Declaring metric variables
2026-05-16 10:08:57,616:INFO:Importing untrained model
2026-05-16 10:08:57,618:INFO:SVM - Linear Kernel Imported successfully
2026-05-16 10:08:57,619:INFO:Starting cross validation
2026-05-16 10:08:57,620:INFO:Cross validating with StratifiedKFold(n_splits=3, random_state=None, shuffle=False), n_jobs=-1
2026-05-16 10:08:57,703:WARNING:C:\Users\kesar\anaconda3\envs\myenv\lib\site-packages\pycaret\internal\metrics.py:204: FitFailedWarning: Metric 'make_scorer(roc_auc_score, response_method=('decision_function', 'predict_proba'), average=weighted, multi_class=ovr)' failed and error score 0.0 has been returned instead. If this is a custom metric, this usually means that the error is in the metric code. Full exception below:
Traceback (most recent call last):
  File "C:\Users\kesar\anaconda3\envs\myenv\lib\site-packages\pycaret\internal\metrics.py", line 196, in _score
    return super()._score(
  File "C:\Users\kesar\anaconda3\envs\myenv\lib\site-packages\sklearn\metrics\_scorer.py", line 350, in _score
    return self._sign * self._score_func(y_true, y_pred, **scoring_kwargs)
  File "C:\Users\kesar\anaconda3\envs\myenv\lib\site-packages\pycaret\internal\metrics.py", line 144, in __call__
    return self.score_func(y_true, y_pred, **kwargs)
  File "C:\Users\kesar\anaconda3\envs\myenv\lib\site-packages\sklearn\utils\_param_validation.py", line 213, in wrapper
    return func(*args, **kwargs)
  File "C:\Users\kesar\anaconda3\envs\myenv\lib\site-packages\sklearn\metrics\_ranking.py", line 634, in roc_auc_score
    return _multiclass_roc_auc_score(
  File "C:\Users\kesar\anaconda3\envs\myenv\lib\site-packages\sklearn\metrics\_ranking.py", line 707, in _multiclass_roc_auc_score
    raise ValueError(
ValueError: Target scores need to be probabilities for multiclass roc_auc, i.e. they should sum up to 1.0 over classes

  warnings.warn(

2026-05-16 10:08:57,705:WARNING:C:\Users\kesar\anaconda3\envs\myenv\lib\site-packages\pycaret\internal\metrics.py:204: FitFailedWarning: Metric 'make_scorer(roc_auc_score, response_method=('decision_function', 'predict_proba'), average=weighted, multi_class=ovr)' failed and error score 0.0 has been returned instead. If this is a custom metric, this usually means that the error is in the metric code. Full exception below:
Traceback (most recent call last):
  File "C:\Users\kesar\anaconda3\envs\myenv\lib\site-packages\pycaret\internal\metrics.py", line 196, in _score
    return super()._score(
  File "C:\Users\kesar\anaconda3\envs\myenv\lib\site-packages\sklearn\metrics\_scorer.py", line 350, in _score
    return self._sign * self._score_func(y_true, y_pred, **scoring_kwargs)
  File "C:\Users\kesar\anaconda3\envs\myenv\lib\site-packages\pycaret\internal\metrics.py", line 144, in __call__
    return self.score_func(y_true, y_pred, **kwargs)
  File "C:\Users\kesar\anaconda3\envs\myenv\lib\site-packages\sklearn\utils\_param_validation.py", line 213, in wrapper
    return func(*args, **kwargs)
  File "C:\Users\kesar\anaconda3\envs\myenv\lib\site-packages\sklearn\metrics\_ranking.py", line 634, in roc_auc_score
    return _multiclass_roc_auc_score(
  File "C:\Users\kesar\anaconda3\envs\myenv\lib\site-packages\sklearn\metrics\_ranking.py", line 707, in _multiclass_roc_auc_score
    raise ValueError(
ValueError: Target scores need to be probabilities for multiclass roc_auc, i.e. they should sum up to 1.0 over classes

  warnings.warn(

2026-05-16 10:08:57,708:WARNING:C:\Users\kesar\anaconda3\envs\myenv\lib\site-packages\sklearn\metrics\_classification.py:1561: UserWarning: Note that pos_label (set to 'Iris-virginica') is ignored when average != 'binary' (got 'weighted'). You may use labels=[pos_label] to specify a single positive class.
  warnings.warn(

2026-05-16 10:08:57,709:WARNING:C:\Users\kesar\anaconda3\envs\myenv\lib\site-packages\sklearn\metrics\_classification.py:1561: UserWarning: Note that pos_label (set to 'Iris-virginica') is ignored when average != 'binary' (got 'weighted'). You may use labels=[pos_label] to specify a single positive class.
  warnings.warn(

2026-05-16 10:08:57,710:WARNING:C:\Users\kesar\anaconda3\envs\myenv\lib\site-packages\pycaret\internal\metrics.py:204: FitFailedWarning: Metric 'make_scorer(roc_auc_score, response_method=('decision_function', 'predict_proba'), average=weighted, multi_class=ovr)' failed and error score 0.0 has been returned instead. If this is a custom metric, this usually means that the error is in the metric code. Full exception below:
Traceback (most recent call last):
  File "C:\Users\kesar\anaconda3\envs\myenv\lib\site-packages\pycaret\internal\metrics.py", line 196, in _score
    return super()._score(
  File "C:\Users\kesar\anaconda3\envs\myenv\lib\site-packages\sklearn\metrics\_scorer.py", line 350, in _score
    return self._sign * self._score_func(y_true, y_pred, **scoring_kwargs)
  File "C:\Users\kesar\anaconda3\envs\myenv\lib\site-packages\pycaret\internal\metrics.py", line 144, in __call__
    return self.score_func(y_true, y_pred, **kwargs)
  File "C:\Users\kesar\anaconda3\envs\myenv\lib\site-packages\sklearn\utils\_param_validation.py", line 213, in wrapper
    return func(*args, **kwargs)
  File "C:\Users\kesar\anaconda3\envs\myenv\lib\site-packages\sklearn\metrics\_ranking.py", line 634, in roc_auc_score
    return _multiclass_roc_auc_score(
  File "C:\Users\kesar\anaconda3\envs\myenv\lib\site-packages\sklearn\metrics\_ranking.py", line 707, in _multiclass_roc_auc_score
    raise ValueError(
ValueError: Target scores need to be probabilities for multiclass roc_auc, i.e. they should sum up to 1.0 over classes

  warnings.warn(

2026-05-16 10:08:57,713:WARNING:C:\Users\kesar\anaconda3\envs\myenv\lib\site-packages\sklearn\metrics\_classification.py:1561: UserWarning: Note that pos_label (set to 'Iris-virginica') is ignored when average != 'binary' (got 'weighted'). You may use labels=[pos_label] to specify a single positive class.
  warnings.warn(

2026-05-16 10:08:57,716:WARNING:C:\Users\kesar\anaconda3\envs\myenv\lib\site-packages\sklearn\metrics\_classification.py:1561: UserWarning: Note that pos_label (set to 'Iris-virginica') is ignored when average != 'binary' (got 'weighted'). You may use labels=[pos_label] to specify a single positive class.
  warnings.warn(

2026-05-16 10:08:57,717:WARNING:C:\Users\kesar\anaconda3\envs\myenv\lib\site-packages\sklearn\metrics\_classification.py:1561: UserWarning: Note that pos_label (set to 'Iris-virginica') is ignored when average != 'binary' (got 'weighted'). You may use labels=[pos_label] to specify a single positive class.
  warnings.warn(

2026-05-16 10:08:57,718:WARNING:C:\Users\kesar\anaconda3\envs\myenv\lib\site-packages\sklearn\metrics\_classification.py:1561: UserWarning: Note that pos_label (set to 'Iris-virginica') is ignored when average != 'binary' (got 'weighted'). You may use labels=[pos_label] to specify a single positive class.
  warnings.warn(

2026-05-16 10:08:57,725:WARNING:C:\Users\kesar\anaconda3\envs\myenv\lib\site-packages\sklearn\metrics\_classification.py:1561: UserWarning: Note that pos_label (set to 'Iris-virginica') is ignored when average != 'binary' (got 'weighted'). You may use labels=[pos_label] to specify a single positive class.
  warnings.warn(

2026-05-16 10:08:57,726:WARNING:C:\Users\kesar\anaconda3\envs\myenv\lib\site-packages\sklearn\metrics\_classification.py:1561: UserWarning: Note that pos_label (set to 'Iris-virginica') is ignored when average != 'binary' (got 'weighted'). You may use labels=[pos_label] to specify a single positive class.
  warnings.warn(

2026-05-16 10:08:57,729:WARNING:C:\Users\kesar\anaconda3\envs\myenv\lib\site-packages\sklearn\metrics\_classification.py:1509: UndefinedMetricWarning: Precision is ill-defined and being set to 0.0 in labels with no predicted samples. Use `zero_division` parameter to control this behavior.
  _warn_prf(average, modifier, f"{metric.capitalize()} is", len(result))

2026-05-16 10:08:57,733:WARNING:C:\Users\kesar\anaconda3\envs\myenv\lib\site-packages\sklearn\metrics\_classification.py:1561: UserWarning: Note that pos_label (set to 'Iris-virginica') is ignored when average != 'binary' (got 'weighted'). You may use labels=[pos_label] to specify a single positive class.
  warnings.warn(

2026-05-16 10:08:57,745:INFO:Calculating mean and std
2026-05-16 10:08:57,746:INFO:Creating metrics dataframe
2026-05-16 10:08:57,751:INFO:Uploading results into container
2026-05-16 10:08:57,752:INFO:Uploading model into container now
2026-05-16 10:08:57,753:INFO:_master_model_container: 5
2026-05-16 10:08:57,753:INFO:_display_container: 2
2026-05-16 10:08:57,754:INFO:SGDClassifier(alpha=0.0001, average=False, class_weight=None,
              early_stopping=False, epsilon=0.1, eta0=0.001, fit_intercept=True,
              l1_ratio=0.15, learning_rate='optimal', loss='hinge',
              max_iter=1000, n_iter_no_change=5, n_jobs=-1, penalty='l2',
              power_t=0.5, random_state=42, shuffle=True, tol=0.001,
              validation_fraction=0.1, verbose=0, warm_start=False)
2026-05-16 10:08:57,754:INFO:create_model() successfully completed......................................
2026-05-16 10:08:57,925:INFO:SubProcess create_model() end ==================================
2026-05-16 10:08:57,926:INFO:Creating metrics dataframe
2026-05-16 10:08:57,935:INFO:Initializing Ridge Classifier
2026-05-16 10:08:57,935:INFO:Total runtime is 0.026463178793589275 minutes
2026-05-16 10:08:57,936:INFO:SubProcess create_model() called ==================================
2026-05-16 10:08:57,936:INFO:Initializing create_model()
2026-05-16 10:08:57,937:INFO:create_model(self=<pycaret.classification.oop.ClassificationExperiment object at 0x000002587D18E7A0>, estimator=ridge, fold=StratifiedKFold(n_splits=3, random_state=None, shuffle=False), round=4, cross_validation=True, predict=True, fit_kwargs={}, groups=None, refit=False, probability_threshold=None, experiment_custom_tags=None, verbose=False, system=False, add_to_model_list=True, metrics=None, display=<pycaret.internal.display.display.CommonDisplay object at 0x000002587D20F640>, model_only=True, return_train_score=False, error_score=0.0, kwargs={})
2026-05-16 10:08:57,937:INFO:Checking exceptions
2026-05-16 10:08:57,937:INFO:Importing libraries
2026-05-16 10:08:57,937:INFO:Copying training dataset
2026-05-16 10:08:57,947:INFO:Defining folds
2026-05-16 10:08:57,947:INFO:Declaring metric variables
2026-05-16 10:08:57,948:INFO:Importing untrained model
2026-05-16 10:08:57,948:INFO:Ridge Classifier Imported successfully
2026-05-16 10:08:57,949:INFO:Starting cross validation
2026-05-16 10:08:57,951:INFO:Cross validating with StratifiedKFold(n_splits=3, random_state=None, shuffle=False), n_jobs=-1
2026-05-16 10:08:58,031:WARNING:C:\Users\kesar\anaconda3\envs\myenv\lib\site-packages\pycaret\internal\metrics.py:204: FitFailedWarning: Metric 'make_scorer(roc_auc_score, response_method=('decision_function', 'predict_proba'), average=weighted, multi_class=ovr)' failed and error score 0.0 has been returned instead. If this is a custom metric, this usually means that the error is in the metric code. Full exception below:
Traceback (most recent call last):
  File "C:\Users\kesar\anaconda3\envs\myenv\lib\site-packages\pycaret\internal\metrics.py", line 196, in _score
    return super()._score(
  File "C:\Users\kesar\anaconda3\envs\myenv\lib\site-packages\sklearn\metrics\_scorer.py", line 350, in _score
    return self._sign * self._score_func(y_true, y_pred, **scoring_kwargs)
  File "C:\Users\kesar\anaconda3\envs\myenv\lib\site-packages\pycaret\internal\metrics.py", line 144, in __call__
    return self.score_func(y_true, y_pred, **kwargs)
  File "C:\Users\kesar\anaconda3\envs\myenv\lib\site-packages\sklearn\utils\_param_validation.py", line 213, in wrapper
    return func(*args, **kwargs)
  File "C:\Users\kesar\anaconda3\envs\myenv\lib\site-packages\sklearn\metrics\_ranking.py", line 634, in roc_auc_score
    return _multiclass_roc_auc_score(
  File "C:\Users\kesar\anaconda3\envs\myenv\lib\site-packages\sklearn\metrics\_ranking.py", line 707, in _multiclass_roc_auc_score
    raise ValueError(
ValueError: Target scores need to be probabilities for multiclass roc_auc, i.e. they should sum up to 1.0 over classes

  warnings.warn(

2026-05-16 10:08:58,034:WARNING:C:\Users\kesar\anaconda3\envs\myenv\lib\site-packages\sklearn\metrics\_classification.py:1561: UserWarning: Note that pos_label (set to 'Iris-virginica') is ignored when average != 'binary' (got 'weighted'). You may use labels=[pos_label] to specify a single positive class.
  warnings.warn(

2026-05-16 10:08:58,041:WARNING:C:\Users\kesar\anaconda3\envs\myenv\lib\site-packages\sklearn\metrics\_classification.py:1561: UserWarning: Note that pos_label (set to 'Iris-virginica') is ignored when average != 'binary' (got 'weighted'). You may use labels=[pos_label] to specify a single positive class.
  warnings.warn(

2026-05-16 10:08:58,041:WARNING:C:\Users\kesar\anaconda3\envs\myenv\lib\site-packages\pycaret\internal\metrics.py:204: FitFailedWarning: Metric 'make_scorer(roc_auc_score, response_method=('decision_function', 'predict_proba'), average=weighted, multi_class=ovr)' failed and error score 0.0 has been returned instead. If this is a custom metric, this usually means that the error is in the metric code. Full exception below:
Traceback (most recent call last):
  File "C:\Users\kesar\anaconda3\envs\myenv\lib\site-packages\pycaret\internal\metrics.py", line 196, in _score
    return super()._score(
  File "C:\Users\kesar\anaconda3\envs\myenv\lib\site-packages\sklearn\metrics\_scorer.py", line 350, in _score
    return self._sign * self._score_func(y_true, y_pred, **scoring_kwargs)
  File "C:\Users\kesar\anaconda3\envs\myenv\lib\site-packages\pycaret\internal\metrics.py", line 144, in __call__
    return self.score_func(y_true, y_pred, **kwargs)
  File "C:\Users\kesar\anaconda3\envs\myenv\lib\site-packages\sklearn\utils\_param_validation.py", line 213, in wrapper
    return func(*args, **kwargs)
  File "C:\Users\kesar\anaconda3\envs\myenv\lib\site-packages\sklearn\metrics\_ranking.py", line 634, in roc_auc_score
    return _multiclass_roc_auc_score(
  File "C:\Users\kesar\anaconda3\envs\myenv\lib\site-packages\sklearn\metrics\_ranking.py", line 707, in _multiclass_roc_auc_score
    raise ValueError(
ValueError: Target scores need to be probabilities for multiclass roc_auc, i.e. they should sum up to 1.0 over classes

  warnings.warn(

2026-05-16 10:08:58,043:WARNING:C:\Users\kesar\anaconda3\envs\myenv\lib\site-packages\pycaret\internal\metrics.py:204: FitFailedWarning: Metric 'make_scorer(roc_auc_score, response_method=('decision_function', 'predict_proba'), average=weighted, multi_class=ovr)' failed and error score 0.0 has been returned instead. If this is a custom metric, this usually means that the error is in the metric code. Full exception below:
Traceback (most recent call last):
  File "C:\Users\kesar\anaconda3\envs\myenv\lib\site-packages\pycaret\internal\metrics.py", line 196, in _score
    return super()._score(
  File "C:\Users\kesar\anaconda3\envs\myenv\lib\site-packages\sklearn\metrics\_scorer.py", line 350, in _score
    return self._sign * self._score_func(y_true, y_pred, **scoring_kwargs)
  File "C:\Users\kesar\anaconda3\envs\myenv\lib\site-packages\pycaret\internal\metrics.py", line 144, in __call__
    return self.score_func(y_true, y_pred, **kwargs)
  File "C:\Users\kesar\anaconda3\envs\myenv\lib\site-packages\sklearn\utils\_param_validation.py", line 213, in wrapper
    return func(*args, **kwargs)
  File "C:\Users\kesar\anaconda3\envs\myenv\lib\site-packages\sklearn\metrics\_ranking.py", line 634, in roc_auc_score
    return _multiclass_roc_auc_score(
  File "C:\Users\kesar\anaconda3\envs\myenv\lib\site-packages\sklearn\metrics\_ranking.py", line 707, in _multiclass_roc_auc_score
    raise ValueError(
ValueError: Target scores need to be probabilities for multiclass roc_auc, i.e. they should sum up to 1.0 over classes

  warnings.warn(

2026-05-16 10:08:58,043:WARNING:C:\Users\kesar\anaconda3\envs\myenv\lib\site-packages\sklearn\metrics\_classification.py:1561: UserWarning: Note that pos_label (set to 'Iris-virginica') is ignored when average != 'binary' (got 'weighted'). You may use labels=[pos_label] to specify a single positive class.
  warnings.warn(

2026-05-16 10:08:58,045:WARNING:C:\Users\kesar\anaconda3\envs\myenv\lib\site-packages\sklearn\metrics\_classification.py:1561: UserWarning: Note that pos_label (set to 'Iris-virginica') is ignored when average != 'binary' (got 'weighted'). You may use labels=[pos_label] to specify a single positive class.
  warnings.warn(

2026-05-16 10:08:58,046:WARNING:C:\Users\kesar\anaconda3\envs\myenv\lib\site-packages\sklearn\metrics\_classification.py:1561: UserWarning: Note that pos_label (set to 'Iris-virginica') is ignored when average != 'binary' (got 'weighted'). You may use labels=[pos_label] to specify a single positive class.
  warnings.warn(

2026-05-16 10:08:58,047:WARNING:C:\Users\kesar\anaconda3\envs\myenv\lib\site-packages\sklearn\metrics\_classification.py:1561: UserWarning: Note that pos_label (set to 'Iris-virginica') is ignored when average != 'binary' (got 'weighted'). You may use labels=[pos_label] to specify a single positive class.
  warnings.warn(

2026-05-16 10:08:58,049:WARNING:C:\Users\kesar\anaconda3\envs\myenv\lib\site-packages\sklearn\metrics\_classification.py:1561: UserWarning: Note that pos_label (set to 'Iris-virginica') is ignored when average != 'binary' (got 'weighted'). You may use labels=[pos_label] to specify a single positive class.
  warnings.warn(

2026-05-16 10:08:58,051:WARNING:C:\Users\kesar\anaconda3\envs\myenv\lib\site-packages\sklearn\metrics\_classification.py:1561: UserWarning: Note that pos_label (set to 'Iris-virginica') is ignored when average != 'binary' (got 'weighted'). You may use labels=[pos_label] to specify a single positive class.
  warnings.warn(

2026-05-16 10:08:58,053:WARNING:C:\Users\kesar\anaconda3\envs\myenv\lib\site-packages\sklearn\metrics\_classification.py:1561: UserWarning: Note that pos_label (set to 'Iris-virginica') is ignored when average != 'binary' (got 'weighted'). You may use labels=[pos_label] to specify a single positive class.
  warnings.warn(

2026-05-16 10:08:58,061:INFO:Calculating mean and std
2026-05-16 10:08:58,062:INFO:Creating metrics dataframe
2026-05-16 10:08:58,065:INFO:Uploading results into container
2026-05-16 10:08:58,066:INFO:Uploading model into container now
2026-05-16 10:08:58,067:INFO:_master_model_container: 6
2026-05-16 10:08:58,067:INFO:_display_container: 2
2026-05-16 10:08:58,068:INFO:RidgeClassifier(alpha=1.0, class_weight=None, copy_X=True, fit_intercept=True,
                max_iter=None, positive=False, random_state=42, solver='auto',
                tol=0.0001)
2026-05-16 10:08:58,068:INFO:create_model() successfully completed......................................
2026-05-16 10:08:58,212:INFO:SubProcess create_model() end ==================================
2026-05-16 10:08:58,212:INFO:Creating metrics dataframe
2026-05-16 10:08:58,222:INFO:Initializing Random Forest Classifier
2026-05-16 10:08:58,223:INFO:Total runtime is 0.031248501936594647 minutes
2026-05-16 10:08:58,223:INFO:SubProcess create_model() called ==================================
2026-05-16 10:08:58,224:INFO:Initializing create_model()
2026-05-16 10:08:58,225:INFO:create_model(self=<pycaret.classification.oop.ClassificationExperiment object at 0x000002587D18E7A0>, estimator=rf, fold=StratifiedKFold(n_splits=3, random_state=None, shuffle=False), round=4, cross_validation=True, predict=True, fit_kwargs={}, groups=None, refit=False, probability_threshold=None, experiment_custom_tags=None, verbose=False, system=False, add_to_model_list=True, metrics=None, display=<pycaret.internal.display.display.CommonDisplay object at 0x000002587D20F640>, model_only=True, return_train_score=False, error_score=0.0, kwargs={})
2026-05-16 10:08:58,225:INFO:Checking exceptions
2026-05-16 10:08:58,225:INFO:Importing libraries
2026-05-16 10:08:58,225:INFO:Copying training dataset
2026-05-16 10:08:58,233:INFO:Defining folds
2026-05-16 10:08:58,233:INFO:Declaring metric variables
2026-05-16 10:08:58,233:INFO:Importing untrained model
2026-05-16 10:08:58,234:INFO:Random Forest Classifier Imported successfully
2026-05-16 10:08:58,234:INFO:Starting cross validation
2026-05-16 10:08:58,236:INFO:Cross validating with StratifiedKFold(n_splits=3, random_state=None, shuffle=False), n_jobs=-1
2026-05-16 10:08:58,784:WARNING:C:\Users\kesar\anaconda3\envs\myenv\lib\site-packages\sklearn\metrics\_classification.py:1561: UserWarning: Note that pos_label (set to 'Iris-virginica') is ignored when average != 'binary' (got 'weighted'). You may use labels=[pos_label] to specify a single positive class.
  warnings.warn(

2026-05-16 10:08:58,795:WARNING:C:\Users\kesar\anaconda3\envs\myenv\lib\site-packages\sklearn\metrics\_classification.py:1561: UserWarning: Note that pos_label (set to 'Iris-virginica') is ignored when average != 'binary' (got 'weighted'). You may use labels=[pos_label] to specify a single positive class.
  warnings.warn(

2026-05-16 10:08:58,805:WARNING:C:\Users\kesar\anaconda3\envs\myenv\lib\site-packages\sklearn\metrics\_classification.py:1561: UserWarning: Note that pos_label (set to 'Iris-virginica') is ignored when average != 'binary' (got 'weighted'). You may use labels=[pos_label] to specify a single positive class.
  warnings.warn(

2026-05-16 10:08:58,823:WARNING:C:\Users\kesar\anaconda3\envs\myenv\lib\site-packages\sklearn\metrics\_classification.py:1561: UserWarning: Note that pos_label (set to 'Iris-virginica') is ignored when average != 'binary' (got 'weighted'). You may use labels=[pos_label] to specify a single positive class.
  warnings.warn(

2026-05-16 10:08:58,831:WARNING:C:\Users\kesar\anaconda3\envs\myenv\lib\site-packages\sklearn\metrics\_classification.py:1561: UserWarning: Note that pos_label (set to 'Iris-virginica') is ignored when average != 'binary' (got 'weighted'). You may use labels=[pos_label] to specify a single positive class.
  warnings.warn(

2026-05-16 10:08:58,838:WARNING:C:\Users\kesar\anaconda3\envs\myenv\lib\site-packages\sklearn\metrics\_classification.py:1561: UserWarning: Note that pos_label (set to 'Iris-virginica') is ignored when average != 'binary' (got 'weighted'). You may use labels=[pos_label] to specify a single positive class.
  warnings.warn(

2026-05-16 10:08:58,842:WARNING:C:\Users\kesar\anaconda3\envs\myenv\lib\site-packages\sklearn\metrics\_classification.py:1561: UserWarning: Note that pos_label (set to 'Iris-virginica') is ignored when average != 'binary' (got 'weighted'). You may use labels=[pos_label] to specify a single positive class.
  warnings.warn(

2026-05-16 10:08:58,848:WARNING:C:\Users\kesar\anaconda3\envs\myenv\lib\site-packages\sklearn\metrics\_classification.py:1561: UserWarning: Note that pos_label (set to 'Iris-virginica') is ignored when average != 'binary' (got 'weighted'). You may use labels=[pos_label] to specify a single positive class.
  warnings.warn(

2026-05-16 10:08:58,852:WARNING:C:\Users\kesar\anaconda3\envs\myenv\lib\site-packages\sklearn\metrics\_classification.py:1561: UserWarning: Note that pos_label (set to 'Iris-virginica') is ignored when average != 'binary' (got 'weighted'). You may use labels=[pos_label] to specify a single positive class.
  warnings.warn(

2026-05-16 10:08:58,869:INFO:Calculating mean and std
2026-05-16 10:08:58,870:INFO:Creating metrics dataframe
2026-05-16 10:08:58,875:INFO:Uploading results into container
2026-05-16 10:08:58,876:INFO:Uploading model into container now
2026-05-16 10:08:58,877:INFO:_master_model_container: 7
2026-05-16 10:08:58,877:INFO:_display_container: 2
2026-05-16 10:08:58,878:INFO:RandomForestClassifier(bootstrap=True, ccp_alpha=0.0, class_weight=None,
                       criterion='gini', max_depth=None, max_features='sqrt',
                       max_leaf_nodes=None, max_samples=None,
                       min_impurity_decrease=0.0, min_samples_leaf=1,
                       min_samples_split=2, min_weight_fraction_leaf=0.0,
                       monotonic_cst=None, n_estimators=100, n_jobs=-1,
                       oob_score=False, random_state=42, verbose=0,
                       warm_start=False)
2026-05-16 10:08:58,878:INFO:create_model() successfully completed......................................
2026-05-16 10:08:59,034:INFO:SubProcess create_model() end ==================================
2026-05-16 10:08:59,035:INFO:Creating metrics dataframe
2026-05-16 10:08:59,038:INFO:Initializing Quadratic Discriminant Analysis
2026-05-16 10:08:59,038:INFO:Total runtime is 0.044837526480356854 minutes
2026-05-16 10:08:59,038:INFO:SubProcess create_model() called ==================================
2026-05-16 10:08:59,038:INFO:Initializing create_model()
2026-05-16 10:08:59,038:INFO:create_model(self=<pycaret.classification.oop.ClassificationExperiment object at 0x000002587D18E7A0>, estimator=qda, fold=StratifiedKFold(n_splits=3, random_state=None, shuffle=False), round=4, cross_validation=True, predict=True, fit_kwargs={}, groups=None, refit=False, probability_threshold=None, experiment_custom_tags=None, verbose=False, system=False, add_to_model_list=True, metrics=None, display=<pycaret.internal.display.display.CommonDisplay object at 0x000002587D20F640>, model_only=True, return_train_score=False, error_score=0.0, kwargs={})
2026-05-16 10:08:59,038:INFO:Checking exceptions
2026-05-16 10:08:59,038:INFO:Importing libraries
2026-05-16 10:08:59,038:INFO:Copying training dataset
2026-05-16 10:08:59,044:INFO:Defining folds
2026-05-16 10:08:59,044:INFO:Declaring metric variables
2026-05-16 10:08:59,044:INFO:Importing untrained model
2026-05-16 10:08:59,044:INFO:Quadratic Discriminant Analysis Imported successfully
2026-05-16 10:08:59,046:INFO:Starting cross validation
2026-05-16 10:08:59,047:INFO:Cross validating with StratifiedKFold(n_splits=3, random_state=None, shuffle=False), n_jobs=-1
2026-05-16 10:08:59,094:WARNING:C:\Users\kesar\anaconda3\envs\myenv\lib\site-packages\pycaret\internal\metrics.py:204: FitFailedWarning: Metric 'make_scorer(roc_auc_score, response_method=('decision_function', 'predict_proba'), average=weighted, multi_class=ovr)' failed and error score 0.0 has been returned instead. If this is a custom metric, this usually means that the error is in the metric code. Full exception below:
Traceback (most recent call last):
  File "C:\Users\kesar\anaconda3\envs\myenv\lib\site-packages\pycaret\internal\metrics.py", line 196, in _score
    return super()._score(
  File "C:\Users\kesar\anaconda3\envs\myenv\lib\site-packages\sklearn\metrics\_scorer.py", line 350, in _score
    return self._sign * self._score_func(y_true, y_pred, **scoring_kwargs)
  File "C:\Users\kesar\anaconda3\envs\myenv\lib\site-packages\pycaret\internal\metrics.py", line 144, in __call__
    return self.score_func(y_true, y_pred, **kwargs)
  File "C:\Users\kesar\anaconda3\envs\myenv\lib\site-packages\sklearn\utils\_param_validation.py", line 213, in wrapper
    return func(*args, **kwargs)
  File "C:\Users\kesar\anaconda3\envs\myenv\lib\site-packages\sklearn\metrics\_ranking.py", line 634, in roc_auc_score
    return _multiclass_roc_auc_score(
  File "C:\Users\kesar\anaconda3\envs\myenv\lib\site-packages\sklearn\metrics\_ranking.py", line 707, in _multiclass_roc_auc_score
    raise ValueError(
ValueError: Target scores need to be probabilities for multiclass roc_auc, i.e. they should sum up to 1.0 over classes

  warnings.warn(

2026-05-16 10:08:59,096:WARNING:C:\Users\kesar\anaconda3\envs\myenv\lib\site-packages\sklearn\metrics\_classification.py:1561: UserWarning: Note that pos_label (set to 'Iris-virginica') is ignored when average != 'binary' (got 'weighted'). You may use labels=[pos_label] to specify a single positive class.
  warnings.warn(

2026-05-16 10:08:59,097:WARNING:C:\Users\kesar\anaconda3\envs\myenv\lib\site-packages\pycaret\internal\metrics.py:204: FitFailedWarning: Metric 'make_scorer(roc_auc_score, response_method=('decision_function', 'predict_proba'), average=weighted, multi_class=ovr)' failed and error score 0.0 has been returned instead. If this is a custom metric, this usually means that the error is in the metric code. Full exception below:
Traceback (most recent call last):
  File "C:\Users\kesar\anaconda3\envs\myenv\lib\site-packages\pycaret\internal\metrics.py", line 196, in _score
    return super()._score(
  File "C:\Users\kesar\anaconda3\envs\myenv\lib\site-packages\sklearn\metrics\_scorer.py", line 350, in _score
    return self._sign * self._score_func(y_true, y_pred, **scoring_kwargs)
  File "C:\Users\kesar\anaconda3\envs\myenv\lib\site-packages\pycaret\internal\metrics.py", line 144, in __call__
    return self.score_func(y_true, y_pred, **kwargs)
  File "C:\Users\kesar\anaconda3\envs\myenv\lib\site-packages\sklearn\utils\_param_validation.py", line 213, in wrapper
    return func(*args, **kwargs)
  File "C:\Users\kesar\anaconda3\envs\myenv\lib\site-packages\sklearn\metrics\_ranking.py", line 634, in roc_auc_score
    return _multiclass_roc_auc_score(
  File "C:\Users\kesar\anaconda3\envs\myenv\lib\site-packages\sklearn\metrics\_ranking.py", line 707, in _multiclass_roc_auc_score
    raise ValueError(
ValueError: Target scores need to be probabilities for multiclass roc_auc, i.e. they should sum up to 1.0 over classes

  warnings.warn(

2026-05-16 10:08:59,099:WARNING:C:\Users\kesar\anaconda3\envs\myenv\lib\site-packages\sklearn\metrics\_classification.py:1561: UserWarning: Note that pos_label (set to 'Iris-virginica') is ignored when average != 'binary' (got 'weighted'). You may use labels=[pos_label] to specify a single positive class.
  warnings.warn(

2026-05-16 10:08:59,100:WARNING:C:\Users\kesar\anaconda3\envs\myenv\lib\site-packages\sklearn\metrics\_classification.py:1561: UserWarning: Note that pos_label (set to 'Iris-virginica') is ignored when average != 'binary' (got 'weighted'). You may use labels=[pos_label] to specify a single positive class.
  warnings.warn(

2026-05-16 10:08:59,103:WARNING:C:\Users\kesar\anaconda3\envs\myenv\lib\site-packages\sklearn\metrics\_classification.py:1561: UserWarning: Note that pos_label (set to 'Iris-virginica') is ignored when average != 'binary' (got 'weighted'). You may use labels=[pos_label] to specify a single positive class.
  warnings.warn(

2026-05-16 10:08:59,105:WARNING:C:\Users\kesar\anaconda3\envs\myenv\lib\site-packages\pycaret\internal\metrics.py:204: FitFailedWarning: Metric 'make_scorer(roc_auc_score, response_method=('decision_function', 'predict_proba'), average=weighted, multi_class=ovr)' failed and error score 0.0 has been returned instead. If this is a custom metric, this usually means that the error is in the metric code. Full exception below:
Traceback (most recent call last):
  File "C:\Users\kesar\anaconda3\envs\myenv\lib\site-packages\pycaret\internal\metrics.py", line 196, in _score
    return super()._score(
  File "C:\Users\kesar\anaconda3\envs\myenv\lib\site-packages\sklearn\metrics\_scorer.py", line 350, in _score
    return self._sign * self._score_func(y_true, y_pred, **scoring_kwargs)
  File "C:\Users\kesar\anaconda3\envs\myenv\lib\site-packages\pycaret\internal\metrics.py", line 144, in __call__
    return self.score_func(y_true, y_pred, **kwargs)
  File "C:\Users\kesar\anaconda3\envs\myenv\lib\site-packages\sklearn\utils\_param_validation.py", line 213, in wrapper
    return func(*args, **kwargs)
  File "C:\Users\kesar\anaconda3\envs\myenv\lib\site-packages\sklearn\metrics\_ranking.py", line 634, in roc_auc_score
    return _multiclass_roc_auc_score(
  File "C:\Users\kesar\anaconda3\envs\myenv\lib\site-packages\sklearn\metrics\_ranking.py", line 707, in _multiclass_roc_auc_score
    raise ValueError(
ValueError: Target scores need to be probabilities for multiclass roc_auc, i.e. they should sum up to 1.0 over classes

  warnings.warn(

2026-05-16 10:08:59,105:WARNING:C:\Users\kesar\anaconda3\envs\myenv\lib\site-packages\sklearn\metrics\_classification.py:1561: UserWarning: Note that pos_label (set to 'Iris-virginica') is ignored when average != 'binary' (got 'weighted'). You may use labels=[pos_label] to specify a single positive class.
  warnings.warn(

2026-05-16 10:08:59,108:WARNING:C:\Users\kesar\anaconda3\envs\myenv\lib\site-packages\sklearn\metrics\_classification.py:1561: UserWarning: Note that pos_label (set to 'Iris-virginica') is ignored when average != 'binary' (got 'weighted'). You may use labels=[pos_label] to specify a single positive class.
  warnings.warn(

2026-05-16 10:08:59,111:WARNING:C:\Users\kesar\anaconda3\envs\myenv\lib\site-packages\sklearn\metrics\_classification.py:1561: UserWarning: Note that pos_label (set to 'Iris-virginica') is ignored when average != 'binary' (got 'weighted'). You may use labels=[pos_label] to specify a single positive class.
  warnings.warn(

2026-05-16 10:08:59,112:WARNING:C:\Users\kesar\anaconda3\envs\myenv\lib\site-packages\sklearn\metrics\_classification.py:1561: UserWarning: Note that pos_label (set to 'Iris-virginica') is ignored when average != 'binary' (got 'weighted'). You may use labels=[pos_label] to specify a single positive class.
  warnings.warn(

2026-05-16 10:08:59,117:WARNING:C:\Users\kesar\anaconda3\envs\myenv\lib\site-packages\sklearn\metrics\_classification.py:1561: UserWarning: Note that pos_label (set to 'Iris-virginica') is ignored when average != 'binary' (got 'weighted'). You may use labels=[pos_label] to specify a single positive class.
  warnings.warn(

2026-05-16 10:08:59,135:INFO:Calculating mean and std
2026-05-16 10:08:59,135:INFO:Creating metrics dataframe
2026-05-16 10:08:59,137:INFO:Uploading results into container
2026-05-16 10:08:59,138:INFO:Uploading model into container now
2026-05-16 10:08:59,138:INFO:_master_model_container: 8
2026-05-16 10:08:59,138:INFO:_display_container: 2
2026-05-16 10:08:59,139:INFO:QuadraticDiscriminantAnalysis(priors=None, reg_param=0.0,
                              store_covariance=False, tol=0.0001)
2026-05-16 10:08:59,139:INFO:create_model() successfully completed......................................
2026-05-16 10:08:59,285:INFO:SubProcess create_model() end ==================================
2026-05-16 10:08:59,285:INFO:Creating metrics dataframe
2026-05-16 10:08:59,294:INFO:Initializing Ada Boost Classifier
2026-05-16 10:08:59,294:INFO:Total runtime is 0.04911471605300904 minutes
2026-05-16 10:08:59,294:INFO:SubProcess create_model() called ==================================
2026-05-16 10:08:59,294:INFO:Initializing create_model()
2026-05-16 10:08:59,294:INFO:create_model(self=<pycaret.classification.oop.ClassificationExperiment object at 0x000002587D18E7A0>, estimator=ada, fold=StratifiedKFold(n_splits=3, random_state=None, shuffle=False), round=4, cross_validation=True, predict=True, fit_kwargs={}, groups=None, refit=False, probability_threshold=None, experiment_custom_tags=None, verbose=False, system=False, add_to_model_list=True, metrics=None, display=<pycaret.internal.display.display.CommonDisplay object at 0x000002587D20F640>, model_only=True, return_train_score=False, error_score=0.0, kwargs={})
2026-05-16 10:08:59,295:INFO:Checking exceptions
2026-05-16 10:08:59,295:INFO:Importing libraries
2026-05-16 10:08:59,296:INFO:Copying training dataset
2026-05-16 10:08:59,303:INFO:Defining folds
2026-05-16 10:08:59,304:INFO:Declaring metric variables
2026-05-16 10:08:59,304:INFO:Importing untrained model
2026-05-16 10:08:59,306:INFO:Ada Boost Classifier Imported successfully
2026-05-16 10:08:59,307:INFO:Starting cross validation
2026-05-16 10:08:59,309:INFO:Cross validating with StratifiedKFold(n_splits=3, random_state=None, shuffle=False), n_jobs=-1
2026-05-16 10:08:59,354:WARNING:C:\Users\kesar\anaconda3\envs\myenv\lib\site-packages\sklearn\ensemble\_weight_boosting.py:519: FutureWarning: The SAMME.R algorithm (the default) is deprecated and will be removed in 1.6. Use the SAMME algorithm to circumvent this warning.
  warnings.warn(

2026-05-16 10:08:59,364:WARNING:C:\Users\kesar\anaconda3\envs\myenv\lib\site-packages\sklearn\ensemble\_weight_boosting.py:519: FutureWarning: The SAMME.R algorithm (the default) is deprecated and will be removed in 1.6. Use the SAMME algorithm to circumvent this warning.
  warnings.warn(

2026-05-16 10:08:59,364:WARNING:C:\Users\kesar\anaconda3\envs\myenv\lib\site-packages\sklearn\ensemble\_weight_boosting.py:519: FutureWarning: The SAMME.R algorithm (the default) is deprecated and will be removed in 1.6. Use the SAMME algorithm to circumvent this warning.
  warnings.warn(

2026-05-16 10:08:59,509:WARNING:C:\Users\kesar\anaconda3\envs\myenv\lib\site-packages\pycaret\internal\metrics.py:204: FitFailedWarning: Metric 'make_scorer(roc_auc_score, response_method=('decision_function', 'predict_proba'), average=weighted, multi_class=ovr)' failed and error score 0.0 has been returned instead. If this is a custom metric, this usually means that the error is in the metric code. Full exception below:
Traceback (most recent call last):
  File "C:\Users\kesar\anaconda3\envs\myenv\lib\site-packages\pycaret\internal\metrics.py", line 196, in _score
    return super()._score(
  File "C:\Users\kesar\anaconda3\envs\myenv\lib\site-packages\sklearn\metrics\_scorer.py", line 350, in _score
    return self._sign * self._score_func(y_true, y_pred, **scoring_kwargs)
  File "C:\Users\kesar\anaconda3\envs\myenv\lib\site-packages\pycaret\internal\metrics.py", line 144, in __call__
    return self.score_func(y_true, y_pred, **kwargs)
  File "C:\Users\kesar\anaconda3\envs\myenv\lib\site-packages\sklearn\utils\_param_validation.py", line 213, in wrapper
    return func(*args, **kwargs)
  File "C:\Users\kesar\anaconda3\envs\myenv\lib\site-packages\sklearn\metrics\_ranking.py", line 634, in roc_auc_score
    return _multiclass_roc_auc_score(
  File "C:\Users\kesar\anaconda3\envs\myenv\lib\site-packages\sklearn\metrics\_ranking.py", line 707, in _multiclass_roc_auc_score
    raise ValueError(
ValueError: Target scores need to be probabilities for multiclass roc_auc, i.e. they should sum up to 1.0 over classes

  warnings.warn(

2026-05-16 10:08:59,512:WARNING:C:\Users\kesar\anaconda3\envs\myenv\lib\site-packages\sklearn\metrics\_classification.py:1561: UserWarning: Note that pos_label (set to 'Iris-virginica') is ignored when average != 'binary' (got 'weighted'). You may use labels=[pos_label] to specify a single positive class.
  warnings.warn(

2026-05-16 10:08:59,513:WARNING:C:\Users\kesar\anaconda3\envs\myenv\lib\site-packages\pycaret\internal\metrics.py:204: FitFailedWarning: Metric 'make_scorer(roc_auc_score, response_method=('decision_function', 'predict_proba'), average=weighted, multi_class=ovr)' failed and error score 0.0 has been returned instead. If this is a custom metric, this usually means that the error is in the metric code. Full exception below:
Traceback (most recent call last):
  File "C:\Users\kesar\anaconda3\envs\myenv\lib\site-packages\pycaret\internal\metrics.py", line 196, in _score
    return super()._score(
  File "C:\Users\kesar\anaconda3\envs\myenv\lib\site-packages\sklearn\metrics\_scorer.py", line 350, in _score
    return self._sign * self._score_func(y_true, y_pred, **scoring_kwargs)
  File "C:\Users\kesar\anaconda3\envs\myenv\lib\site-packages\pycaret\internal\metrics.py", line 144, in __call__
    return self.score_func(y_true, y_pred, **kwargs)
  File "C:\Users\kesar\anaconda3\envs\myenv\lib\site-packages\sklearn\utils\_param_validation.py", line 213, in wrapper
    return func(*args, **kwargs)
  File "C:\Users\kesar\anaconda3\envs\myenv\lib\site-packages\sklearn\metrics\_ranking.py", line 634, in roc_auc_score
    return _multiclass_roc_auc_score(
  File "C:\Users\kesar\anaconda3\envs\myenv\lib\site-packages\sklearn\metrics\_ranking.py", line 707, in _multiclass_roc_auc_score
    raise ValueError(
ValueError: Target scores need to be probabilities for multiclass roc_auc, i.e. they should sum up to 1.0 over classes

  warnings.warn(

2026-05-16 10:08:59,516:WARNING:C:\Users\kesar\anaconda3\envs\myenv\lib\site-packages\sklearn\metrics\_classification.py:1561: UserWarning: Note that pos_label (set to 'Iris-virginica') is ignored when average != 'binary' (got 'weighted'). You may use labels=[pos_label] to specify a single positive class.
  warnings.warn(

2026-05-16 10:08:59,518:WARNING:C:\Users\kesar\anaconda3\envs\myenv\lib\site-packages\sklearn\metrics\_classification.py:1561: UserWarning: Note that pos_label (set to 'Iris-virginica') is ignored when average != 'binary' (got 'weighted'). You may use labels=[pos_label] to specify a single positive class.
  warnings.warn(

2026-05-16 10:08:59,521:WARNING:C:\Users\kesar\anaconda3\envs\myenv\lib\site-packages\sklearn\metrics\_classification.py:1561: UserWarning: Note that pos_label (set to 'Iris-virginica') is ignored when average != 'binary' (got 'weighted'). You may use labels=[pos_label] to specify a single positive class.
  warnings.warn(

2026-05-16 10:08:59,524:WARNING:C:\Users\kesar\anaconda3\envs\myenv\lib\site-packages\sklearn\metrics\_classification.py:1561: UserWarning: Note that pos_label (set to 'Iris-virginica') is ignored when average != 'binary' (got 'weighted'). You may use labels=[pos_label] to specify a single positive class.
  warnings.warn(

2026-05-16 10:08:59,527:WARNING:C:\Users\kesar\anaconda3\envs\myenv\lib\site-packages\sklearn\metrics\_classification.py:1561: UserWarning: Note that pos_label (set to 'Iris-virginica') is ignored when average != 'binary' (got 'weighted'). You may use labels=[pos_label] to specify a single positive class.
  warnings.warn(

2026-05-16 10:08:59,532:WARNING:C:\Users\kesar\anaconda3\envs\myenv\lib\site-packages\pycaret\internal\metrics.py:204: FitFailedWarning: Metric 'make_scorer(roc_auc_score, response_method=('decision_function', 'predict_proba'), average=weighted, multi_class=ovr)' failed and error score 0.0 has been returned instead. If this is a custom metric, this usually means that the error is in the metric code. Full exception below:
Traceback (most recent call last):
  File "C:\Users\kesar\anaconda3\envs\myenv\lib\site-packages\pycaret\internal\metrics.py", line 196, in _score
    return super()._score(
  File "C:\Users\kesar\anaconda3\envs\myenv\lib\site-packages\sklearn\metrics\_scorer.py", line 350, in _score
    return self._sign * self._score_func(y_true, y_pred, **scoring_kwargs)
  File "C:\Users\kesar\anaconda3\envs\myenv\lib\site-packages\pycaret\internal\metrics.py", line 144, in __call__
    return self.score_func(y_true, y_pred, **kwargs)
  File "C:\Users\kesar\anaconda3\envs\myenv\lib\site-packages\sklearn\utils\_param_validation.py", line 213, in wrapper
    return func(*args, **kwargs)
  File "C:\Users\kesar\anaconda3\envs\myenv\lib\site-packages\sklearn\metrics\_ranking.py", line 634, in roc_auc_score
    return _multiclass_roc_auc_score(
  File "C:\Users\kesar\anaconda3\envs\myenv\lib\site-packages\sklearn\metrics\_ranking.py", line 707, in _multiclass_roc_auc_score
    raise ValueError(
ValueError: Target scores need to be probabilities for multiclass roc_auc, i.e. they should sum up to 1.0 over classes

  warnings.warn(

2026-05-16 10:08:59,536:WARNING:C:\Users\kesar\anaconda3\envs\myenv\lib\site-packages\sklearn\metrics\_classification.py:1561: UserWarning: Note that pos_label (set to 'Iris-virginica') is ignored when average != 'binary' (got 'weighted'). You may use labels=[pos_label] to specify a single positive class.
  warnings.warn(

2026-05-16 10:08:59,540:WARNING:C:\Users\kesar\anaconda3\envs\myenv\lib\site-packages\sklearn\metrics\_classification.py:1561: UserWarning: Note that pos_label (set to 'Iris-virginica') is ignored when average != 'binary' (got 'weighted'). You may use labels=[pos_label] to specify a single positive class.
  warnings.warn(

2026-05-16 10:08:59,547:WARNING:C:\Users\kesar\anaconda3\envs\myenv\lib\site-packages\sklearn\metrics\_classification.py:1561: UserWarning: Note that pos_label (set to 'Iris-virginica') is ignored when average != 'binary' (got 'weighted'). You may use labels=[pos_label] to specify a single positive class.
  warnings.warn(

2026-05-16 10:08:59,560:INFO:Calculating mean and std
2026-05-16 10:08:59,561:INFO:Creating metrics dataframe
2026-05-16 10:08:59,565:INFO:Uploading results into container
2026-05-16 10:08:59,566:INFO:Uploading model into container now
2026-05-16 10:08:59,567:INFO:_master_model_container: 9
2026-05-16 10:08:59,567:INFO:_display_container: 2
2026-05-16 10:08:59,568:INFO:AdaBoostClassifier(algorithm='SAMME.R', estimator=None, learning_rate=1.0,
                   n_estimators=50, random_state=42)
2026-05-16 10:08:59,568:INFO:create_model() successfully completed......................................
2026-05-16 10:08:59,717:INFO:SubProcess create_model() end ==================================
2026-05-16 10:08:59,717:INFO:Creating metrics dataframe
2026-05-16 10:08:59,728:INFO:Initializing Gradient Boosting Classifier
2026-05-16 10:08:59,729:INFO:Total runtime is 0.05634992122650147 minutes
2026-05-16 10:08:59,730:INFO:SubProcess create_model() called ==================================
2026-05-16 10:08:59,731:INFO:Initializing create_model()
2026-05-16 10:08:59,732:INFO:create_model(self=<pycaret.classification.oop.ClassificationExperiment object at 0x000002587D18E7A0>, estimator=gbc, fold=StratifiedKFold(n_splits=3, random_state=None, shuffle=False), round=4, cross_validation=True, predict=True, fit_kwargs={}, groups=None, refit=False, probability_threshold=None, experiment_custom_tags=None, verbose=False, system=False, add_to_model_list=True, metrics=None, display=<pycaret.internal.display.display.CommonDisplay object at 0x000002587D20F640>, model_only=True, return_train_score=False, error_score=0.0, kwargs={})
2026-05-16 10:08:59,732:INFO:Checking exceptions
2026-05-16 10:08:59,733:INFO:Importing libraries
2026-05-16 10:08:59,734:INFO:Copying training dataset
2026-05-16 10:08:59,747:INFO:Defining folds
2026-05-16 10:08:59,747:INFO:Declaring metric variables
2026-05-16 10:08:59,748:INFO:Importing untrained model
2026-05-16 10:08:59,750:INFO:Gradient Boosting Classifier Imported successfully
2026-05-16 10:08:59,750:INFO:Starting cross validation
2026-05-16 10:08:59,752:INFO:Cross validating with StratifiedKFold(n_splits=3, random_state=None, shuffle=False), n_jobs=-1
2026-05-16 10:09:00,083:WARNING:C:\Users\kesar\anaconda3\envs\myenv\lib\site-packages\pycaret\internal\metrics.py:204: FitFailedWarning: Metric 'make_scorer(roc_auc_score, response_method=('decision_function', 'predict_proba'), average=weighted, multi_class=ovr)' failed and error score 0.0 has been returned instead. If this is a custom metric, this usually means that the error is in the metric code. Full exception below:
Traceback (most recent call last):
  File "C:\Users\kesar\anaconda3\envs\myenv\lib\site-packages\pycaret\internal\metrics.py", line 196, in _score
    return super()._score(
  File "C:\Users\kesar\anaconda3\envs\myenv\lib\site-packages\sklearn\metrics\_scorer.py", line 350, in _score
    return self._sign * self._score_func(y_true, y_pred, **scoring_kwargs)
  File "C:\Users\kesar\anaconda3\envs\myenv\lib\site-packages\pycaret\internal\metrics.py", line 144, in __call__
    return self.score_func(y_true, y_pred, **kwargs)
  File "C:\Users\kesar\anaconda3\envs\myenv\lib\site-packages\sklearn\utils\_param_validation.py", line 213, in wrapper
    return func(*args, **kwargs)
  File "C:\Users\kesar\anaconda3\envs\myenv\lib\site-packages\sklearn\metrics\_ranking.py", line 634, in roc_auc_score
    return _multiclass_roc_auc_score(
  File "C:\Users\kesar\anaconda3\envs\myenv\lib\site-packages\sklearn\metrics\_ranking.py", line 707, in _multiclass_roc_auc_score
    raise ValueError(
ValueError: Target scores need to be probabilities for multiclass roc_auc, i.e. they should sum up to 1.0 over classes

  warnings.warn(

2026-05-16 10:09:00,086:WARNING:C:\Users\kesar\anaconda3\envs\myenv\lib\site-packages\sklearn\metrics\_classification.py:1561: UserWarning: Note that pos_label (set to 'Iris-virginica') is ignored when average != 'binary' (got 'weighted'). You may use labels=[pos_label] to specify a single positive class.
  warnings.warn(

2026-05-16 10:09:00,090:WARNING:C:\Users\kesar\anaconda3\envs\myenv\lib\site-packages\sklearn\metrics\_classification.py:1561: UserWarning: Note that pos_label (set to 'Iris-virginica') is ignored when average != 'binary' (got 'weighted'). You may use labels=[pos_label] to specify a single positive class.
  warnings.warn(

2026-05-16 10:09:00,093:WARNING:C:\Users\kesar\anaconda3\envs\myenv\lib\site-packages\sklearn\metrics\_classification.py:1561: UserWarning: Note that pos_label (set to 'Iris-virginica') is ignored when average != 'binary' (got 'weighted'). You may use labels=[pos_label] to specify a single positive class.
  warnings.warn(

2026-05-16 10:09:00,183:WARNING:C:\Users\kesar\anaconda3\envs\myenv\lib\site-packages\pycaret\internal\metrics.py:204: FitFailedWarning: Metric 'make_scorer(roc_auc_score, response_method=('decision_function', 'predict_proba'), average=weighted, multi_class=ovr)' failed and error score 0.0 has been returned instead. If this is a custom metric, this usually means that the error is in the metric code. Full exception below:
Traceback (most recent call last):
  File "C:\Users\kesar\anaconda3\envs\myenv\lib\site-packages\pycaret\internal\metrics.py", line 196, in _score
    return super()._score(
  File "C:\Users\kesar\anaconda3\envs\myenv\lib\site-packages\sklearn\metrics\_scorer.py", line 350, in _score
    return self._sign * self._score_func(y_true, y_pred, **scoring_kwargs)
  File "C:\Users\kesar\anaconda3\envs\myenv\lib\site-packages\pycaret\internal\metrics.py", line 144, in __call__
    return self.score_func(y_true, y_pred, **kwargs)
  File "C:\Users\kesar\anaconda3\envs\myenv\lib\site-packages\sklearn\utils\_param_validation.py", line 213, in wrapper
    return func(*args, **kwargs)
  File "C:\Users\kesar\anaconda3\envs\myenv\lib\site-packages\sklearn\metrics\_ranking.py", line 634, in roc_auc_score
    return _multiclass_roc_auc_score(
  File "C:\Users\kesar\anaconda3\envs\myenv\lib\site-packages\sklearn\metrics\_ranking.py", line 707, in _multiclass_roc_auc_score
    raise ValueError(
ValueError: Target scores need to be probabilities for multiclass roc_auc, i.e. they should sum up to 1.0 over classes

  warnings.warn(

2026-05-16 10:09:00,189:WARNING:C:\Users\kesar\anaconda3\envs\myenv\lib\site-packages\sklearn\metrics\_classification.py:1561: UserWarning: Note that pos_label (set to 'Iris-virginica') is ignored when average != 'binary' (got 'weighted'). You may use labels=[pos_label] to specify a single positive class.
  warnings.warn(

2026-05-16 10:09:00,197:WARNING:C:\Users\kesar\anaconda3\envs\myenv\lib\site-packages\sklearn\metrics\_classification.py:1561: UserWarning: Note that pos_label (set to 'Iris-virginica') is ignored when average != 'binary' (got 'weighted'). You may use labels=[pos_label] to specify a single positive class.
  warnings.warn(

2026-05-16 10:09:00,201:WARNING:C:\Users\kesar\anaconda3\envs\myenv\lib\site-packages\sklearn\metrics\_classification.py:1561: UserWarning: Note that pos_label (set to 'Iris-virginica') is ignored when average != 'binary' (got 'weighted'). You may use labels=[pos_label] to specify a single positive class.
  warnings.warn(

2026-05-16 10:09:00,267:WARNING:C:\Users\kesar\anaconda3\envs\myenv\lib\site-packages\pycaret\internal\metrics.py:204: FitFailedWarning: Metric 'make_scorer(roc_auc_score, response_method=('decision_function', 'predict_proba'), average=weighted, multi_class=ovr)' failed and error score 0.0 has been returned instead. If this is a custom metric, this usually means that the error is in the metric code. Full exception below:
Traceback (most recent call last):
  File "C:\Users\kesar\anaconda3\envs\myenv\lib\site-packages\pycaret\internal\metrics.py", line 196, in _score
    return super()._score(
  File "C:\Users\kesar\anaconda3\envs\myenv\lib\site-packages\sklearn\metrics\_scorer.py", line 350, in _score
    return self._sign * self._score_func(y_true, y_pred, **scoring_kwargs)
  File "C:\Users\kesar\anaconda3\envs\myenv\lib\site-packages\pycaret\internal\metrics.py", line 144, in __call__
    return self.score_func(y_true, y_pred, **kwargs)
  File "C:\Users\kesar\anaconda3\envs\myenv\lib\site-packages\sklearn\utils\_param_validation.py", line 213, in wrapper
    return func(*args, **kwargs)
  File "C:\Users\kesar\anaconda3\envs\myenv\lib\site-packages\sklearn\metrics\_ranking.py", line 634, in roc_auc_score
    return _multiclass_roc_auc_score(
  File "C:\Users\kesar\anaconda3\envs\myenv\lib\site-packages\sklearn\metrics\_ranking.py", line 707, in _multiclass_roc_auc_score
    raise ValueError(
ValueError: Target scores need to be probabilities for multiclass roc_auc, i.e. they should sum up to 1.0 over classes

  warnings.warn(

2026-05-16 10:09:00,271:WARNING:C:\Users\kesar\anaconda3\envs\myenv\lib\site-packages\sklearn\metrics\_classification.py:1561: UserWarning: Note that pos_label (set to 'Iris-virginica') is ignored when average != 'binary' (got 'weighted'). You may use labels=[pos_label] to specify a single positive class.
  warnings.warn(

2026-05-16 10:09:00,277:WARNING:C:\Users\kesar\anaconda3\envs\myenv\lib\site-packages\sklearn\metrics\_classification.py:1561: UserWarning: Note that pos_label (set to 'Iris-virginica') is ignored when average != 'binary' (got 'weighted'). You may use labels=[pos_label] to specify a single positive class.
  warnings.warn(

2026-05-16 10:09:00,284:WARNING:C:\Users\kesar\anaconda3\envs\myenv\lib\site-packages\sklearn\metrics\_classification.py:1561: UserWarning: Note that pos_label (set to 'Iris-virginica') is ignored when average != 'binary' (got 'weighted'). You may use labels=[pos_label] to specify a single positive class.
  warnings.warn(

2026-05-16 10:09:00,308:INFO:Calculating mean and std
2026-05-16 10:09:00,309:INFO:Creating metrics dataframe
2026-05-16 10:09:00,314:INFO:Uploading results into container
2026-05-16 10:09:00,315:INFO:Uploading model into container now
2026-05-16 10:09:00,316:INFO:_master_model_container: 10
2026-05-16 10:09:00,316:INFO:_display_container: 2
2026-05-16 10:09:00,317:INFO:GradientBoostingClassifier(ccp_alpha=0.0, criterion='friedman_mse', init=None,
                           learning_rate=0.1, loss='log_loss', max_depth=3,
                           max_features=None, max_leaf_nodes=None,
                           min_impurity_decrease=0.0, min_samples_leaf=1,
                           min_samples_split=2, min_weight_fraction_leaf=0.0,
                           n_estimators=100, n_iter_no_change=None,
                           random_state=42, subsample=1.0, tol=0.0001,
                           validation_fraction=0.1, verbose=0,
                           warm_start=False)
2026-05-16 10:09:00,317:INFO:create_model() successfully completed......................................
2026-05-16 10:09:00,479:INFO:SubProcess create_model() end ==================================
2026-05-16 10:09:00,479:INFO:Creating metrics dataframe
2026-05-16 10:09:00,485:INFO:Initializing Linear Discriminant Analysis
2026-05-16 10:09:00,485:INFO:Total runtime is 0.06896415154139202 minutes
2026-05-16 10:09:00,485:INFO:SubProcess create_model() called ==================================
2026-05-16 10:09:00,486:INFO:Initializing create_model()
2026-05-16 10:09:00,486:INFO:create_model(self=<pycaret.classification.oop.ClassificationExperiment object at 0x000002587D18E7A0>, estimator=lda, fold=StratifiedKFold(n_splits=3, random_state=None, shuffle=False), round=4, cross_validation=True, predict=True, fit_kwargs={}, groups=None, refit=False, probability_threshold=None, experiment_custom_tags=None, verbose=False, system=False, add_to_model_list=True, metrics=None, display=<pycaret.internal.display.display.CommonDisplay object at 0x000002587D20F640>, model_only=True, return_train_score=False, error_score=0.0, kwargs={})
2026-05-16 10:09:00,486:INFO:Checking exceptions
2026-05-16 10:09:00,486:INFO:Importing libraries
2026-05-16 10:09:00,486:INFO:Copying training dataset
2026-05-16 10:09:00,490:INFO:Defining folds
2026-05-16 10:09:00,491:INFO:Declaring metric variables
2026-05-16 10:09:00,491:INFO:Importing untrained model
2026-05-16 10:09:00,491:INFO:Linear Discriminant Analysis Imported successfully
2026-05-16 10:09:00,491:INFO:Starting cross validation
2026-05-16 10:09:00,492:INFO:Cross validating with StratifiedKFold(n_splits=3, random_state=None, shuffle=False), n_jobs=-1
2026-05-16 10:09:00,535:WARNING:C:\Users\kesar\anaconda3\envs\myenv\lib\site-packages\pycaret\internal\metrics.py:204: FitFailedWarning: Metric 'make_scorer(roc_auc_score, response_method=('decision_function', 'predict_proba'), average=weighted, multi_class=ovr)' failed and error score 0.0 has been returned instead. If this is a custom metric, this usually means that the error is in the metric code. Full exception below:
Traceback (most recent call last):
  File "C:\Users\kesar\anaconda3\envs\myenv\lib\site-packages\pycaret\internal\metrics.py", line 196, in _score
    return super()._score(
  File "C:\Users\kesar\anaconda3\envs\myenv\lib\site-packages\sklearn\metrics\_scorer.py", line 350, in _score
    return self._sign * self._score_func(y_true, y_pred, **scoring_kwargs)
  File "C:\Users\kesar\anaconda3\envs\myenv\lib\site-packages\pycaret\internal\metrics.py", line 144, in __call__
    return self.score_func(y_true, y_pred, **kwargs)
  File "C:\Users\kesar\anaconda3\envs\myenv\lib\site-packages\sklearn\utils\_param_validation.py", line 213, in wrapper
    return func(*args, **kwargs)
  File "C:\Users\kesar\anaconda3\envs\myenv\lib\site-packages\sklearn\metrics\_ranking.py", line 634, in roc_auc_score
    return _multiclass_roc_auc_score(
  File "C:\Users\kesar\anaconda3\envs\myenv\lib\site-packages\sklearn\metrics\_ranking.py", line 707, in _multiclass_roc_auc_score
    raise ValueError(
ValueError: Target scores need to be probabilities for multiclass roc_auc, i.e. they should sum up to 1.0 over classes

  warnings.warn(

2026-05-16 10:09:00,537:WARNING:C:\Users\kesar\anaconda3\envs\myenv\lib\site-packages\sklearn\metrics\_classification.py:1561: UserWarning: Note that pos_label (set to 'Iris-virginica') is ignored when average != 'binary' (got 'weighted'). You may use labels=[pos_label] to specify a single positive class.
  warnings.warn(

2026-05-16 10:09:00,543:WARNING:C:\Users\kesar\anaconda3\envs\myenv\lib\site-packages\sklearn\metrics\_classification.py:1561: UserWarning: Note that pos_label (set to 'Iris-virginica') is ignored when average != 'binary' (got 'weighted'). You may use labels=[pos_label] to specify a single positive class.
  warnings.warn(

2026-05-16 10:09:00,547:WARNING:C:\Users\kesar\anaconda3\envs\myenv\lib\site-packages\pycaret\internal\metrics.py:204: FitFailedWarning: Metric 'make_scorer(roc_auc_score, response_method=('decision_function', 'predict_proba'), average=weighted, multi_class=ovr)' failed and error score 0.0 has been returned instead. If this is a custom metric, this usually means that the error is in the metric code. Full exception below:
Traceback (most recent call last):
  File "C:\Users\kesar\anaconda3\envs\myenv\lib\site-packages\pycaret\internal\metrics.py", line 196, in _score
    return super()._score(
  File "C:\Users\kesar\anaconda3\envs\myenv\lib\site-packages\sklearn\metrics\_scorer.py", line 350, in _score
    return self._sign * self._score_func(y_true, y_pred, **scoring_kwargs)
  File "C:\Users\kesar\anaconda3\envs\myenv\lib\site-packages\pycaret\internal\metrics.py", line 144, in __call__
    return self.score_func(y_true, y_pred, **kwargs)
  File "C:\Users\kesar\anaconda3\envs\myenv\lib\site-packages\sklearn\utils\_param_validation.py", line 213, in wrapper
    return func(*args, **kwargs)
  File "C:\Users\kesar\anaconda3\envs\myenv\lib\site-packages\sklearn\metrics\_ranking.py", line 634, in roc_auc_score
    return _multiclass_roc_auc_score(
  File "C:\Users\kesar\anaconda3\envs\myenv\lib\site-packages\sklearn\metrics\_ranking.py", line 707, in _multiclass_roc_auc_score
    raise ValueError(
ValueError: Target scores need to be probabilities for multiclass roc_auc, i.e. they should sum up to 1.0 over classes

  warnings.warn(

2026-05-16 10:09:00,548:WARNING:C:\Users\kesar\anaconda3\envs\myenv\lib\site-packages\pycaret\internal\metrics.py:204: FitFailedWarning: Metric 'make_scorer(roc_auc_score, response_method=('decision_function', 'predict_proba'), average=weighted, multi_class=ovr)' failed and error score 0.0 has been returned instead. If this is a custom metric, this usually means that the error is in the metric code. Full exception below:
Traceback (most recent call last):
  File "C:\Users\kesar\anaconda3\envs\myenv\lib\site-packages\pycaret\internal\metrics.py", line 196, in _score
    return super()._score(
  File "C:\Users\kesar\anaconda3\envs\myenv\lib\site-packages\sklearn\metrics\_scorer.py", line 350, in _score
    return self._sign * self._score_func(y_true, y_pred, **scoring_kwargs)
  File "C:\Users\kesar\anaconda3\envs\myenv\lib\site-packages\pycaret\internal\metrics.py", line 144, in __call__
    return self.score_func(y_true, y_pred, **kwargs)
  File "C:\Users\kesar\anaconda3\envs\myenv\lib\site-packages\sklearn\utils\_param_validation.py", line 213, in wrapper
    return func(*args, **kwargs)
  File "C:\Users\kesar\anaconda3\envs\myenv\lib\site-packages\sklearn\metrics\_ranking.py", line 634, in roc_auc_score
    return _multiclass_roc_auc_score(
  File "C:\Users\kesar\anaconda3\envs\myenv\lib\site-packages\sklearn\metrics\_ranking.py", line 707, in _multiclass_roc_auc_score
    raise ValueError(
ValueError: Target scores need to be probabilities for multiclass roc_auc, i.e. they should sum up to 1.0 over classes

  warnings.warn(

2026-05-16 10:09:00,549:WARNING:C:\Users\kesar\anaconda3\envs\myenv\lib\site-packages\sklearn\metrics\_classification.py:1561: UserWarning: Note that pos_label (set to 'Iris-virginica') is ignored when average != 'binary' (got 'weighted'). You may use labels=[pos_label] to specify a single positive class.
  warnings.warn(

2026-05-16 10:09:00,550:WARNING:C:\Users\kesar\anaconda3\envs\myenv\lib\site-packages\sklearn\metrics\_classification.py:1561: UserWarning: Note that pos_label (set to 'Iris-virginica') is ignored when average != 'binary' (got 'weighted'). You may use labels=[pos_label] to specify a single positive class.
  warnings.warn(

2026-05-16 10:09:00,551:WARNING:C:\Users\kesar\anaconda3\envs\myenv\lib\site-packages\sklearn\metrics\_classification.py:1561: UserWarning: Note that pos_label (set to 'Iris-virginica') is ignored when average != 'binary' (got 'weighted'). You may use labels=[pos_label] to specify a single positive class.
  warnings.warn(

2026-05-16 10:09:00,556:WARNING:C:\Users\kesar\anaconda3\envs\myenv\lib\site-packages\sklearn\metrics\_classification.py:1561: UserWarning: Note that pos_label (set to 'Iris-virginica') is ignored when average != 'binary' (got 'weighted'). You may use labels=[pos_label] to specify a single positive class.
  warnings.warn(

2026-05-16 10:09:00,556:WARNING:C:\Users\kesar\anaconda3\envs\myenv\lib\site-packages\sklearn\metrics\_classification.py:1561: UserWarning: Note that pos_label (set to 'Iris-virginica') is ignored when average != 'binary' (got 'weighted'). You may use labels=[pos_label] to specify a single positive class.
  warnings.warn(

2026-05-16 10:09:00,560:WARNING:C:\Users\kesar\anaconda3\envs\myenv\lib\site-packages\sklearn\metrics\_classification.py:1561: UserWarning: Note that pos_label (set to 'Iris-virginica') is ignored when average != 'binary' (got 'weighted'). You may use labels=[pos_label] to specify a single positive class.
  warnings.warn(

2026-05-16 10:09:00,564:WARNING:C:\Users\kesar\anaconda3\envs\myenv\lib\site-packages\sklearn\metrics\_classification.py:1561: UserWarning: Note that pos_label (set to 'Iris-virginica') is ignored when average != 'binary' (got 'weighted'). You may use labels=[pos_label] to specify a single positive class.
  warnings.warn(

2026-05-16 10:09:00,590:INFO:Calculating mean and std
2026-05-16 10:09:00,591:INFO:Creating metrics dataframe
2026-05-16 10:09:00,594:INFO:Uploading results into container
2026-05-16 10:09:00,595:INFO:Uploading model into container now
2026-05-16 10:09:00,596:INFO:_master_model_container: 11
2026-05-16 10:09:00,596:INFO:_display_container: 2
2026-05-16 10:09:00,596:INFO:LinearDiscriminantAnalysis(covariance_estimator=None, n_components=None,
                           priors=None, shrinkage=None, solver='svd',
                           store_covariance=False, tol=0.0001)
2026-05-16 10:09:00,597:INFO:create_model() successfully completed......................................
2026-05-16 10:09:00,792:INFO:SubProcess create_model() end ==================================
2026-05-16 10:09:00,792:INFO:Creating metrics dataframe
2026-05-16 10:09:00,795:INFO:Initializing Extra Trees Classifier
2026-05-16 10:09:00,795:INFO:Total runtime is 0.07413419882456462 minutes
2026-05-16 10:09:00,795:INFO:SubProcess create_model() called ==================================
2026-05-16 10:09:00,795:INFO:Initializing create_model()
2026-05-16 10:09:00,795:INFO:create_model(self=<pycaret.classification.oop.ClassificationExperiment object at 0x000002587D18E7A0>, estimator=et, fold=StratifiedKFold(n_splits=3, random_state=None, shuffle=False), round=4, cross_validation=True, predict=True, fit_kwargs={}, groups=None, refit=False, probability_threshold=None, experiment_custom_tags=None, verbose=False, system=False, add_to_model_list=True, metrics=None, display=<pycaret.internal.display.display.CommonDisplay object at 0x000002587D20F640>, model_only=True, return_train_score=False, error_score=0.0, kwargs={})
2026-05-16 10:09:00,796:INFO:Checking exceptions
2026-05-16 10:09:00,796:INFO:Importing libraries
2026-05-16 10:09:00,796:INFO:Copying training dataset
2026-05-16 10:09:00,799:INFO:Defining folds
2026-05-16 10:09:00,799:INFO:Declaring metric variables
2026-05-16 10:09:00,799:INFO:Importing untrained model
2026-05-16 10:09:00,799:INFO:Extra Trees Classifier Imported successfully
2026-05-16 10:09:00,800:INFO:Starting cross validation
2026-05-16 10:09:00,800:INFO:Cross validating with StratifiedKFold(n_splits=3, random_state=None, shuffle=False), n_jobs=-1
2026-05-16 10:09:01,169:WARNING:C:\Users\kesar\anaconda3\envs\myenv\lib\site-packages\sklearn\metrics\_classification.py:1561: UserWarning: Note that pos_label (set to 'Iris-virginica') is ignored when average != 'binary' (got 'weighted'). You may use labels=[pos_label] to specify a single positive class.
  warnings.warn(

2026-05-16 10:09:01,179:WARNING:C:\Users\kesar\anaconda3\envs\myenv\lib\site-packages\sklearn\metrics\_classification.py:1561: UserWarning: Note that pos_label (set to 'Iris-virginica') is ignored when average != 'binary' (got 'weighted'). You may use labels=[pos_label] to specify a single positive class.
  warnings.warn(

2026-05-16 10:09:01,189:WARNING:C:\Users\kesar\anaconda3\envs\myenv\lib\site-packages\sklearn\metrics\_classification.py:1561: UserWarning: Note that pos_label (set to 'Iris-virginica') is ignored when average != 'binary' (got 'weighted'). You may use labels=[pos_label] to specify a single positive class.
  warnings.warn(

2026-05-16 10:09:01,193:WARNING:C:\Users\kesar\anaconda3\envs\myenv\lib\site-packages\sklearn\metrics\_classification.py:1561: UserWarning: Note that pos_label (set to 'Iris-virginica') is ignored when average != 'binary' (got 'weighted'). You may use labels=[pos_label] to specify a single positive class.
  warnings.warn(

2026-05-16 10:09:01,205:WARNING:C:\Users\kesar\anaconda3\envs\myenv\lib\site-packages\sklearn\metrics\_classification.py:1561: UserWarning: Note that pos_label (set to 'Iris-virginica') is ignored when average != 'binary' (got 'weighted'). You may use labels=[pos_label] to specify a single positive class.
  warnings.warn(

2026-05-16 10:09:01,212:WARNING:C:\Users\kesar\anaconda3\envs\myenv\lib\site-packages\sklearn\metrics\_classification.py:1561: UserWarning: Note that pos_label (set to 'Iris-virginica') is ignored when average != 'binary' (got 'weighted'). You may use labels=[pos_label] to specify a single positive class.
  warnings.warn(

2026-05-16 10:09:01,214:WARNING:C:\Users\kesar\anaconda3\envs\myenv\lib\site-packages\sklearn\metrics\_classification.py:1561: UserWarning: Note that pos_label (set to 'Iris-virginica') is ignored when average != 'binary' (got 'weighted'). You may use labels=[pos_label] to specify a single positive class.
  warnings.warn(

2026-05-16 10:09:01,218:WARNING:C:\Users\kesar\anaconda3\envs\myenv\lib\site-packages\sklearn\metrics\_classification.py:1561: UserWarning: Note that pos_label (set to 'Iris-virginica') is ignored when average != 'binary' (got 'weighted'). You may use labels=[pos_label] to specify a single positive class.
  warnings.warn(

2026-05-16 10:09:01,225:WARNING:C:\Users\kesar\anaconda3\envs\myenv\lib\site-packages\sklearn\metrics\_classification.py:1561: UserWarning: Note that pos_label (set to 'Iris-virginica') is ignored when average != 'binary' (got 'weighted'). You may use labels=[pos_label] to specify a single positive class.
  warnings.warn(

2026-05-16 10:09:01,240:INFO:Calculating mean and std
2026-05-16 10:09:01,241:INFO:Creating metrics dataframe
2026-05-16 10:09:01,244:INFO:Uploading results into container
2026-05-16 10:09:01,245:INFO:Uploading model into container now
2026-05-16 10:09:01,245:INFO:_master_model_container: 12
2026-05-16 10:09:01,245:INFO:_display_container: 2
2026-05-16 10:09:01,246:INFO:ExtraTreesClassifier(bootstrap=False, ccp_alpha=0.0, class_weight=None,
                     criterion='gini', max_depth=None, max_features='sqrt',
                     max_leaf_nodes=None, max_samples=None,
                     min_impurity_decrease=0.0, min_samples_leaf=1,
                     min_samples_split=2, min_weight_fraction_leaf=0.0,
                     monotonic_cst=None, n_estimators=100, n_jobs=-1,
                     oob_score=False, random_state=42, verbose=0,
                     warm_start=False)
2026-05-16 10:09:01,246:INFO:create_model() successfully completed......................................
2026-05-16 10:09:01,388:INFO:SubProcess create_model() end ==================================
2026-05-16 10:09:01,390:INFO:Creating metrics dataframe
2026-05-16 10:09:01,394:INFO:Initializing Extreme Gradient Boosting
2026-05-16 10:09:01,395:INFO:Total runtime is 0.08413505554199219 minutes
2026-05-16 10:09:01,395:INFO:SubProcess create_model() called ==================================
2026-05-16 10:09:01,395:INFO:Initializing create_model()
2026-05-16 10:09:01,396:INFO:create_model(self=<pycaret.classification.oop.ClassificationExperiment object at 0x000002587D18E7A0>, estimator=xgboost, fold=StratifiedKFold(n_splits=3, random_state=None, shuffle=False), round=4, cross_validation=True, predict=True, fit_kwargs={}, groups=None, refit=False, probability_threshold=None, experiment_custom_tags=None, verbose=False, system=False, add_to_model_list=True, metrics=None, display=<pycaret.internal.display.display.CommonDisplay object at 0x000002587D20F640>, model_only=True, return_train_score=False, error_score=0.0, kwargs={})
2026-05-16 10:09:01,396:INFO:Checking exceptions
2026-05-16 10:09:01,396:INFO:Importing libraries
2026-05-16 10:09:01,396:INFO:Copying training dataset
2026-05-16 10:09:01,411:INFO:Defining folds
2026-05-16 10:09:01,412:INFO:Declaring metric variables
2026-05-16 10:09:01,412:INFO:Importing untrained model
2026-05-16 10:09:01,415:INFO:Extreme Gradient Boosting Imported successfully
2026-05-16 10:09:01,416:INFO:Starting cross validation
2026-05-16 10:09:01,418:INFO:Cross validating with StratifiedKFold(n_splits=3, random_state=None, shuffle=False), n_jobs=-1
2026-05-16 10:09:01,520:WARNING:C:\Users\kesar\anaconda3\envs\myenv\lib\site-packages\sklearn\metrics\_classification.py:1561: UserWarning: Note that pos_label (set to 'Iris-virginica') is ignored when average != 'binary' (got 'weighted'). You may use labels=[pos_label] to specify a single positive class.
  warnings.warn(

2026-05-16 10:09:01,526:WARNING:C:\Users\kesar\anaconda3\envs\myenv\lib\site-packages\sklearn\metrics\_classification.py:1561: UserWarning: Note that pos_label (set to 'Iris-virginica') is ignored when average != 'binary' (got 'weighted'). You may use labels=[pos_label] to specify a single positive class.
  warnings.warn(

2026-05-16 10:09:01,528:WARNING:C:\Users\kesar\anaconda3\envs\myenv\lib\site-packages\sklearn\metrics\_classification.py:1561: UserWarning: Note that pos_label (set to 'Iris-virginica') is ignored when average != 'binary' (got 'weighted'). You may use labels=[pos_label] to specify a single positive class.
  warnings.warn(

2026-05-16 10:09:01,529:WARNING:C:\Users\kesar\anaconda3\envs\myenv\lib\site-packages\sklearn\metrics\_classification.py:1561: UserWarning: Note that pos_label (set to 'Iris-virginica') is ignored when average != 'binary' (got 'weighted'). You may use labels=[pos_label] to specify a single positive class.
  warnings.warn(

2026-05-16 10:09:01,529:WARNING:C:\Users\kesar\anaconda3\envs\myenv\lib\site-packages\sklearn\metrics\_classification.py:1561: UserWarning: Note that pos_label (set to 'Iris-virginica') is ignored when average != 'binary' (got 'weighted'). You may use labels=[pos_label] to specify a single positive class.
  warnings.warn(

2026-05-16 10:09:01,533:WARNING:C:\Users\kesar\anaconda3\envs\myenv\lib\site-packages\sklearn\metrics\_classification.py:1561: UserWarning: Note that pos_label (set to 'Iris-virginica') is ignored when average != 'binary' (got 'weighted'). You may use labels=[pos_label] to specify a single positive class.
  warnings.warn(

2026-05-16 10:09:01,534:WARNING:C:\Users\kesar\anaconda3\envs\myenv\lib\site-packages\sklearn\metrics\_classification.py:1561: UserWarning: Note that pos_label (set to 'Iris-virginica') is ignored when average != 'binary' (got 'weighted'). You may use labels=[pos_label] to specify a single positive class.
  warnings.warn(

2026-05-16 10:09:01,539:WARNING:C:\Users\kesar\anaconda3\envs\myenv\lib\site-packages\sklearn\metrics\_classification.py:1561: UserWarning: Note that pos_label (set to 'Iris-virginica') is ignored when average != 'binary' (got 'weighted'). You may use labels=[pos_label] to specify a single positive class.
  warnings.warn(

2026-05-16 10:09:01,539:WARNING:C:\Users\kesar\anaconda3\envs\myenv\lib\site-packages\sklearn\metrics\_classification.py:1561: UserWarning: Note that pos_label (set to 'Iris-virginica') is ignored when average != 'binary' (got 'weighted'). You may use labels=[pos_label] to specify a single positive class.
  warnings.warn(

2026-05-16 10:09:01,556:INFO:Calculating mean and std
2026-05-16 10:09:01,557:INFO:Creating metrics dataframe
2026-05-16 10:09:01,561:INFO:Uploading results into container
2026-05-16 10:09:01,561:INFO:Uploading model into container now
2026-05-16 10:09:01,562:INFO:_master_model_container: 13
2026-05-16 10:09:01,562:INFO:_display_container: 2
2026-05-16 10:09:01,563:INFO:XGBClassifier(base_score=None, booster='gbtree', callbacks=None,
              colsample_bylevel=None, colsample_bynode=None,
              colsample_bytree=None, device='cpu', early_stopping_rounds=None,
              enable_categorical=False, eval_metric=None, feature_types=None,
              feature_weights=None, gamma=None, grow_policy=None,
              importance_type=None, interaction_constraints=None,
              learning_rate=None, max_bin=None, max_cat_threshold=None,
              max_cat_to_onehot=None, max_delta_step=None, max_depth=None,
              max_leaves=None, min_child_weight=None, missing=nan,
              monotone_constraints=None, multi_strategy=None, n_estimators=None,
              n_jobs=-1, num_parallel_tree=None, ...)
2026-05-16 10:09:01,564:INFO:create_model() successfully completed......................................
2026-05-16 10:09:01,715:INFO:SubProcess create_model() end ==================================
2026-05-16 10:09:01,715:INFO:Creating metrics dataframe
2026-05-16 10:09:01,726:INFO:Initializing Light Gradient Boosting Machine
2026-05-16 10:09:01,727:INFO:Total runtime is 0.08966546456019084 minutes
2026-05-16 10:09:01,727:INFO:SubProcess create_model() called ==================================
2026-05-16 10:09:01,728:INFO:Initializing create_model()
2026-05-16 10:09:01,728:INFO:create_model(self=<pycaret.classification.oop.ClassificationExperiment object at 0x000002587D18E7A0>, estimator=lightgbm, fold=StratifiedKFold(n_splits=3, random_state=None, shuffle=False), round=4, cross_validation=True, predict=True, fit_kwargs={}, groups=None, refit=False, probability_threshold=None, experiment_custom_tags=None, verbose=False, system=False, add_to_model_list=True, metrics=None, display=<pycaret.internal.display.display.CommonDisplay object at 0x000002587D20F640>, model_only=True, return_train_score=False, error_score=0.0, kwargs={})
2026-05-16 10:09:01,728:INFO:Checking exceptions
2026-05-16 10:09:01,728:INFO:Importing libraries
2026-05-16 10:09:01,729:INFO:Copying training dataset
2026-05-16 10:09:01,738:INFO:Defining folds
2026-05-16 10:09:01,738:INFO:Declaring metric variables
2026-05-16 10:09:01,739:INFO:Importing untrained model
2026-05-16 10:09:01,740:INFO:Light Gradient Boosting Machine Imported successfully
2026-05-16 10:09:01,741:INFO:Starting cross validation
2026-05-16 10:09:01,743:INFO:Cross validating with StratifiedKFold(n_splits=3, random_state=None, shuffle=False), n_jobs=-1
2026-05-16 10:09:02,064:WARNING:C:\Users\kesar\anaconda3\envs\myenv\lib\site-packages\sklearn\metrics\_classification.py:1561: UserWarning: Note that pos_label (set to 'Iris-virginica') is ignored when average != 'binary' (got 'weighted'). You may use labels=[pos_label] to specify a single positive class.
  warnings.warn(

2026-05-16 10:09:02,075:WARNING:C:\Users\kesar\anaconda3\envs\myenv\lib\site-packages\sklearn\metrics\_classification.py:1561: UserWarning: Note that pos_label (set to 'Iris-virginica') is ignored when average != 'binary' (got 'weighted'). You may use labels=[pos_label] to specify a single positive class.
  warnings.warn(

2026-05-16 10:09:02,080:WARNING:C:\Users\kesar\anaconda3\envs\myenv\lib\site-packages\sklearn\metrics\_classification.py:1561: UserWarning: Note that pos_label (set to 'Iris-virginica') is ignored when average != 'binary' (got 'weighted'). You may use labels=[pos_label] to specify a single positive class.
  warnings.warn(

2026-05-16 10:09:02,083:WARNING:C:\Users\kesar\anaconda3\envs\myenv\lib\site-packages\sklearn\metrics\_classification.py:1561: UserWarning: Note that pos_label (set to 'Iris-virginica') is ignored when average != 'binary' (got 'weighted'). You may use labels=[pos_label] to specify a single positive class.
  warnings.warn(

2026-05-16 10:09:02,091:WARNING:C:\Users\kesar\anaconda3\envs\myenv\lib\site-packages\sklearn\metrics\_classification.py:1561: UserWarning: Note that pos_label (set to 'Iris-virginica') is ignored when average != 'binary' (got 'weighted'). You may use labels=[pos_label] to specify a single positive class.
  warnings.warn(

2026-05-16 10:09:02,095:WARNING:C:\Users\kesar\anaconda3\envs\myenv\lib\site-packages\sklearn\metrics\_classification.py:1561: UserWarning: Note that pos_label (set to 'Iris-virginica') is ignored when average != 'binary' (got 'weighted'). You may use labels=[pos_label] to specify a single positive class.
  warnings.warn(

2026-05-16 10:09:02,099:WARNING:C:\Users\kesar\anaconda3\envs\myenv\lib\site-packages\sklearn\metrics\_classification.py:1561: UserWarning: Note that pos_label (set to 'Iris-virginica') is ignored when average != 'binary' (got 'weighted'). You may use labels=[pos_label] to specify a single positive class.
  warnings.warn(

2026-05-16 10:09:02,105:WARNING:C:\Users\kesar\anaconda3\envs\myenv\lib\site-packages\sklearn\metrics\_classification.py:1561: UserWarning: Note that pos_label (set to 'Iris-virginica') is ignored when average != 'binary' (got 'weighted'). You may use labels=[pos_label] to specify a single positive class.
  warnings.warn(

2026-05-16 10:09:02,110:WARNING:C:\Users\kesar\anaconda3\envs\myenv\lib\site-packages\sklearn\metrics\_classification.py:1561: UserWarning: Note that pos_label (set to 'Iris-virginica') is ignored when average != 'binary' (got 'weighted'). You may use labels=[pos_label] to specify a single positive class.
  warnings.warn(

2026-05-16 10:09:02,122:INFO:Calculating mean and std
2026-05-16 10:09:02,123:INFO:Creating metrics dataframe
2026-05-16 10:09:02,125:INFO:Uploading results into container
2026-05-16 10:09:02,126:INFO:Uploading model into container now
2026-05-16 10:09:02,126:INFO:_master_model_container: 14
2026-05-16 10:09:02,126:INFO:_display_container: 2
2026-05-16 10:09:02,127:INFO:LGBMClassifier(boosting_type='gbdt', class_weight=None, colsample_bytree=1.0,
               importance_type='split', learning_rate=0.1, max_depth=-1,
               min_child_samples=20, min_child_weight=0.001, min_split_gain=0.0,
               n_estimators=100, n_jobs=-1, num_leaves=31, objective=None,
               random_state=42, reg_alpha=0.0, reg_lambda=0.0, subsample=1.0,
               subsample_for_bin=200000, subsample_freq=0)
2026-05-16 10:09:02,128:INFO:create_model() successfully completed......................................
2026-05-16 10:09:02,289:INFO:SubProcess create_model() end ==================================
2026-05-16 10:09:02,290:INFO:Creating metrics dataframe
2026-05-16 10:09:02,301:INFO:Initializing Dummy Classifier
2026-05-16 10:09:02,302:INFO:Total runtime is 0.09924767017364503 minutes
2026-05-16 10:09:02,303:INFO:SubProcess create_model() called ==================================
2026-05-16 10:09:02,305:INFO:Initializing create_model()
2026-05-16 10:09:02,306:INFO:create_model(self=<pycaret.classification.oop.ClassificationExperiment object at 0x000002587D18E7A0>, estimator=dummy, fold=StratifiedKFold(n_splits=3, random_state=None, shuffle=False), round=4, cross_validation=True, predict=True, fit_kwargs={}, groups=None, refit=False, probability_threshold=None, experiment_custom_tags=None, verbose=False, system=False, add_to_model_list=True, metrics=None, display=<pycaret.internal.display.display.CommonDisplay object at 0x000002587D20F640>, model_only=True, return_train_score=False, error_score=0.0, kwargs={})
2026-05-16 10:09:02,307:INFO:Checking exceptions
2026-05-16 10:09:02,307:INFO:Importing libraries
2026-05-16 10:09:02,307:INFO:Copying training dataset
2026-05-16 10:09:02,319:INFO:Defining folds
2026-05-16 10:09:02,320:INFO:Declaring metric variables
2026-05-16 10:09:02,321:INFO:Importing untrained model
2026-05-16 10:09:02,322:INFO:Dummy Classifier Imported successfully
2026-05-16 10:09:02,324:INFO:Starting cross validation
2026-05-16 10:09:02,327:INFO:Cross validating with StratifiedKFold(n_splits=3, random_state=None, shuffle=False), n_jobs=-1
2026-05-16 10:09:02,397:WARNING:C:\Users\kesar\anaconda3\envs\myenv\lib\site-packages\sklearn\metrics\_classification.py:1561: UserWarning: Note that pos_label (set to 'Iris-virginica') is ignored when average != 'binary' (got 'weighted'). You may use labels=[pos_label] to specify a single positive class.
  warnings.warn(

2026-05-16 10:09:02,403:WARNING:C:\Users\kesar\anaconda3\envs\myenv\lib\site-packages\sklearn\metrics\_classification.py:1561: UserWarning: Note that pos_label (set to 'Iris-virginica') is ignored when average != 'binary' (got 'weighted'). You may use labels=[pos_label] to specify a single positive class.
  warnings.warn(

2026-05-16 10:09:02,410:WARNING:C:\Users\kesar\anaconda3\envs\myenv\lib\site-packages\sklearn\metrics\_classification.py:1561: UserWarning: Note that pos_label (set to 'Iris-virginica') is ignored when average != 'binary' (got 'weighted'). You may use labels=[pos_label] to specify a single positive class.
  warnings.warn(

2026-05-16 10:09:02,412:WARNING:C:\Users\kesar\anaconda3\envs\myenv\lib\site-packages\sklearn\metrics\_classification.py:1561: UserWarning: Note that pos_label (set to 'Iris-virginica') is ignored when average != 'binary' (got 'weighted'). You may use labels=[pos_label] to specify a single positive class.
  warnings.warn(

2026-05-16 10:09:02,415:WARNING:C:\Users\kesar\anaconda3\envs\myenv\lib\site-packages\sklearn\metrics\_classification.py:1509: UndefinedMetricWarning: Precision is ill-defined and being set to 0.0 in labels with no predicted samples. Use `zero_division` parameter to control this behavior.
  _warn_prf(average, modifier, f"{metric.capitalize()} is", len(result))

2026-05-16 10:09:02,417:WARNING:C:\Users\kesar\anaconda3\envs\myenv\lib\site-packages\sklearn\metrics\_classification.py:1509: UndefinedMetricWarning: Precision is ill-defined and being set to 0.0 in labels with no predicted samples. Use `zero_division` parameter to control this behavior.
  _warn_prf(average, modifier, f"{metric.capitalize()} is", len(result))

2026-05-16 10:09:02,418:WARNING:C:\Users\kesar\anaconda3\envs\myenv\lib\site-packages\sklearn\metrics\_classification.py:1561: UserWarning: Note that pos_label (set to 'Iris-virginica') is ignored when average != 'binary' (got 'weighted'). You may use labels=[pos_label] to specify a single positive class.
  warnings.warn(

2026-05-16 10:09:02,423:WARNING:C:\Users\kesar\anaconda3\envs\myenv\lib\site-packages\sklearn\metrics\_classification.py:1561: UserWarning: Note that pos_label (set to 'Iris-virginica') is ignored when average != 'binary' (got 'weighted'). You may use labels=[pos_label] to specify a single positive class.
  warnings.warn(

2026-05-16 10:09:02,424:WARNING:C:\Users\kesar\anaconda3\envs\myenv\lib\site-packages\sklearn\metrics\_classification.py:1561: UserWarning: Note that pos_label (set to 'Iris-virginica') is ignored when average != 'binary' (got 'weighted'). You may use labels=[pos_label] to specify a single positive class.
  warnings.warn(

2026-05-16 10:09:02,429:WARNING:C:\Users\kesar\anaconda3\envs\myenv\lib\site-packages\sklearn\metrics\_classification.py:1561: UserWarning: Note that pos_label (set to 'Iris-virginica') is ignored when average != 'binary' (got 'weighted'). You may use labels=[pos_label] to specify a single positive class.
  warnings.warn(

2026-05-16 10:09:02,435:WARNING:C:\Users\kesar\anaconda3\envs\myenv\lib\site-packages\sklearn\metrics\_classification.py:1509: UndefinedMetricWarning: Precision is ill-defined and being set to 0.0 in labels with no predicted samples. Use `zero_division` parameter to control this behavior.
  _warn_prf(average, modifier, f"{metric.capitalize()} is", len(result))

2026-05-16 10:09:02,441:WARNING:C:\Users\kesar\anaconda3\envs\myenv\lib\site-packages\sklearn\metrics\_classification.py:1561: UserWarning: Note that pos_label (set to 'Iris-virginica') is ignored when average != 'binary' (got 'weighted'). You may use labels=[pos_label] to specify a single positive class.
  warnings.warn(

2026-05-16 10:09:02,454:INFO:Calculating mean and std
2026-05-16 10:09:02,455:INFO:Creating metrics dataframe
2026-05-16 10:09:02,459:INFO:Uploading results into container
2026-05-16 10:09:02,460:INFO:Uploading model into container now
2026-05-16 10:09:02,461:INFO:_master_model_container: 15
2026-05-16 10:09:02,461:INFO:_display_container: 2
2026-05-16 10:09:02,461:INFO:DummyClassifier(constant=None, random_state=42, strategy='prior')
2026-05-16 10:09:02,462:INFO:create_model() successfully completed......................................
2026-05-16 10:09:02,654:INFO:SubProcess create_model() end ==================================
2026-05-16 10:09:02,655:INFO:Creating metrics dataframe
2026-05-16 10:09:02,665:WARNING:C:\Users\kesar\anaconda3\envs\myenv\lib\site-packages\pycaret\internal\pycaret_experiment\supervised_experiment.py:323: FutureWarning: Styler.applymap has been deprecated. Use Styler.map instead.
  master_display_.apply(

2026-05-16 10:09:02,670:INFO:Initializing create_model()
2026-05-16 10:09:02,670:INFO:create_model(self=<pycaret.classification.oop.ClassificationExperiment object at 0x000002587D18E7A0>, estimator=GaussianNB(priors=None, var_smoothing=1e-09), fold=StratifiedKFold(n_splits=3, random_state=None, shuffle=False), round=4, cross_validation=False, predict=False, fit_kwargs={}, groups=None, refit=True, probability_threshold=None, experiment_custom_tags=None, verbose=False, system=False, add_to_model_list=True, metrics=None, display=None, model_only=True, return_train_score=False, error_score=0.0, kwargs={})
2026-05-16 10:09:02,671:INFO:Checking exceptions
2026-05-16 10:09:02,673:INFO:Importing libraries
2026-05-16 10:09:02,673:INFO:Copying training dataset
2026-05-16 10:09:02,681:INFO:Defining folds
2026-05-16 10:09:02,682:INFO:Declaring metric variables
2026-05-16 10:09:02,682:INFO:Importing untrained model
2026-05-16 10:09:02,683:INFO:Declaring custom model
2026-05-16 10:09:02,684:INFO:Naive Bayes Imported successfully
2026-05-16 10:09:02,686:INFO:Cross validation set to False
2026-05-16 10:09:02,686:INFO:Fitting Model
2026-05-16 10:09:02,705:INFO:GaussianNB(priors=None, var_smoothing=1e-09)
2026-05-16 10:09:02,705:INFO:create_model() successfully completed......................................
2026-05-16 10:09:02,893:INFO:_master_model_container: 15
2026-05-16 10:09:02,893:INFO:_display_container: 2
2026-05-16 10:09:02,894:INFO:GaussianNB(priors=None, var_smoothing=1e-09)
2026-05-16 10:09:02,895:INFO:compare_models() successfully completed......................................
